Workbook

Sheet Container 11
A1: No | B1: ASIN | C1: eBay IDs | D1: SKU | E1: Image Link | F1: Images | G1: Varmen Confirm | H1: Adams Listing | I1: Amazon | J1: Ebay | K1: Shopify | M1: =counta(D:D)-1 -> 19 | N1: =COUNTIF(I1:I100, TRUE) -> 11 | O1: =N1/M1 -> 0.57894737
A2: 1 | D2: LHXBTF40E27WH | E2: =VLOOKUP(D2,Sheet4!A2:B1000,2,0) -> https://dashboard.digitweblk.com/Productimages/23822.jpg | F2: =image(E2) | G2: TRUE | H2: TRUE | I2: FALSE | J2: FALSE | K2: FALSE
A3: 2 | D3: LHXBTF40E27BM | E3: =VLOOKUP(D3,Sheet4!A3:B1000,2,0) -> https://dashboard.digitweblk.com/Productimages/23823.jpg | F3: =image(E3) | G3: TRUE | H3: TRUE | I3: FALSE | J3: FALSE | K3: FALSE
A4: 3 | D4: LHXBTH50E27WH | E4: =VLOOKUP(D4,Sheet4!A4:B1000,2,0) -> https://dashboard.digitweblk.com/Productimages/23824.jpg | F4: =image(E4) | G4: TRUE | H4: TRUE | I4: FALSE | J4: FALSE | K4: FALSE
A5: 4 | D5: LHXBTH50E27BM | E5: =VLOOKUP(D5,Sheet4!A5:B1000,2,0) -> https://dashboard.digitweblk.com/Productimages/23825.jpg | F5: =image(E5) | G5: TRUE | H5: TRUE | I5: FALSE | J5: FALSE | K5: FALSE
A6: 5 | D6: LHXDE27WH | E6: =VLOOKUP(D6,Sheet4!A6:B1000,2,0) -> https://dashboard.digitweblk.com/Productimages/23742.jpg | F6: =image(E6) | G6: FALSE | H6: FALSE | I6: FALSE | J6: FALSE | K6: FALSE
A7: 6 | D7: LHXDE27BM | E7: =VLOOKUP(D7,Sheet4!A7:B1000,2,0) -> https://dashboard.digitweblk.com/Productimages/23741.jpg | F7: =image(E7) | G7: FALSE | H7: FALSE | I7: FALSE | J7: FALSE | K7: FALSE
A8: 7 | D8: PHXSH1PBRWH | E8: =VLOOKUP(D8,Sheet4!A8:B1000,2,0) -> https://dashboard.digitweblk.com/Productimages/23746.jpg | F8: =image(E8) | G8: FALSE | H8: FALSE | I8: FALSE | J8: FALSE | K8: FALSE
A9: 8 | D9: PHXSH1PBRBM | E9: =VLOOKUP(D9,Sheet4!A9:B1000,2,0) -> https://dashboard.digitweblk.com/Productimages/23740.jpg | F9: =image(E9) | G9: FALSE | H9: FALSE | I9: FALSE | J9: FALSE | K9: FALSE
A10: 9 | B10: B0GNZDWKJ6 B0GNZHGW4X B0GNZB4BPN B0GMHCHY7W B0GMHCM3ND | D10: LHXSHE27WH | E10: =VLOOKUP(D10,Sheet4!A10:B1000,2,0) -> https://dashboard.digitweblk.com/Productimages/23739.png | F10: =image(E10) | G10: TRUE | H10: TRUE | I10: TRUE | J10: FALSE | K10: FALSE | L10: dilani
A11: 10 | B11: B0GNZLCX15 B0GNYZMC5G B0GNYRK2GT B0GMHQTBSQ B0GMHFZ7C1 | D11: LHXSHE27BM | E11: =VLOOKUP(D11,Sheet4!A11:B1000,2,0) -> https://dashboard.digitweblk.com/Productimages/23738.png | F11: =image(E11) | G11: TRUE | H11: TRUE | I11: TRUE | J11: FALSE | K11: FALSE | L11: dilani
A12: 11 | B12: B0GQ9WT3WS B0GQBBSMWN B0GQ9FS6YG B0GQ9FTQYJ | D12: LHXCCE27WH | E12: =VLOOKUP(D12,Sheet4!A12:B1000,2,0) -> https://dashboard.digitweblk.com/Productimages/23743.png | F12: =image(E12) | G12: TRUE | H12: TRUE | I12: TRUE | J12: FALSE | K12: FALSE
A13: 12 | B13: B0GQBCXGST B0GQB28QMR B0GQ98ZNZ9 B0GQ94Y1LJ | D13: LHXCCE27BM | E13: =VLOOKUP(D13,Sheet4!A13:B1000,2,0) -> https://dashboard.digitweblk.com/Productimages/23744.png | F13: =image(E13) | G13: TRUE | H13: TRUE | I13: TRUE | J13: FALSE | K13: FALSE
A14: 13 | B14: B0GQ9XX4PM B0GQ9Z91YX B0GQ9GRVZZ B0GQ92JN6Y | D14: LHXCCE27RR | E14: =VLOOKUP(D14,Sheet4!A14:B1000,2,0) -> https://dashboard.digitweblk.com/Productimages/23745.png | F14: =image(E14) | G14: TRUE | H14: TRUE | I14: TRUE | J14: FALSE | K14: FALSE
A15: 14 | B15: B0GMGZJ8D5 B0GMG9FFYY | D15: LHXIM30B22WH | E15: =VLOOKUP(D15,Sheet4!A15:B1000,2,0) -> https://dashboard.digitweblk.com/Productimages/23737.jpg | F15: =image(E15) | G15: TRUE | H15: TRUE | I15: TRUE | J15: FALSE | K15: FALSE | L15: Theepana
A16: 15 | B16: B0GLXRPL51 B0GP16QFYT B0GNZRHMXW B0GNZNKDD1 B0GP139NG9 B0GNZDJZGV B0GNZ3DYVY B0GNZPZ4YM B0GNYVN663 B0GLZGC29N | D16: LHXWPE27PPWH | E16: =VLOOKUP(D16,Sheet4!A16:B1000,2,0) -> https://dashboard.digitweblk.com/Productimages/23736.jpg | F16: =image(E16) | G16: TRUE | H16: TRUE | I16: TRUE | J16: FALSE | K16: FALSE | L16: dilani
A17: 16 | B17: B0GR9GG6RY | D17: WJ018RB3PBM | E17: =VLOOKUP(D17,Sheet4!A17:B1000,2,0) -> https://dashboard.digitweblk.com/Productimages/23726.jpg | F17: =image(E17) | G17: TRUE | H17: TRUE | I17: TRUE | J17: FALSE | K17: FALSE | L17: Thojika
A18: 17 | B18: B0GLZ3VBC4 | D18: WJ018PC3PBM | E18: =VLOOKUP(D18,Sheet4!A18:B1000,2,0) -> https://dashboard.digitweblk.com/Productimages/23727.jpeg | F18: =image(E18) | G18: TRUE | H18: TRUE | I18: TRUE | J18: FALSE | K18: FALSE | L18: Preethi
A19: 18 | B19: B0GNSJ14M4 | D19: WJB603BM | E19: =VLOOKUP(D19,Sheet4!A19:B1000,2,0) -> https://dashboard.digitweblk.com/Productimages/23728.jpg | F19: =image(E19) | G19: TRUE | H19: TRUE | I19: TRUE | J19: FALSE | K19: FALSE | L19: Preethi
A20: 19 | B20: B0DN687J6W | D20: WJM6332BM | E20: =VLOOKUP(D20,Sheet4!A20:B1000,2,0) -> https://dashboard.digitweblk.com/Productimages/23729.jpg | F20: =image(E20) | G20: TRUE | H20: TRUE | I20: TRUE | J20: FALSE | K20: FALSE | L20: Preethi

Sheet Container 12
A1: No | B1: ASIN | C1: eBay IDs | D1: SKU | E1: Image Link | F1: Images | G1: Varmen Confirm | H1: Adams Listing | I1: Amazon | J1: Ebay | K1: Shopify | M1: =counta(D:D)-1 -> 82 | N1: =COUNTIF(I1:I100, TRUE) -> 47 | O1: =N1/M1 -> 0.57317073 | Q1: ASINs
A2: 1 | B2: B0GNYYQ542 B0GNZ9K56X | D2: LSGLBG145AR | E2: https://dashboard.digitweblk.com/Productimages/23682.jpg | F2: =IMAGE(E2:E994) | G2: TRUE | H2: TRUE | I2: TRUE | J2: FALSE | K2: FALSE | L2: Waiting for the image varification | M2: DILANI | Q2: B07WP51SL6 | S2: colour not confirmed
A3: 2 | B3: B0GQ44NJ32 B0GQZBBJFX | D3: LSGLBT200PU | E3: https://dashboard.digitweblk.com/Productimages/23678.jpg | F3: =IMAGE(E3:E995) | G3: TRUE | H3: TRUE | I3: TRUE | J3: FALSE | K3: FALSE | L3: Waiting for the image varification | Q3: B0GQZLFJRQ
A4: 3 | B4: B0GQ48BNBZ | D4: LSGLSC115AR | E4: https://dashboard.digitweblk.com/Productimages/23664.jpg | F4: =IMAGE(E4:E996) | G4: TRUE | H4: TRUE | I4: TRUE | J4: FALSE | K4: FALSE | L4: Waiting for the image varification | Q4: B0GQZ9RGBD
A5: 4 | B5: B07WP51SL6 B0GQZLFJRQ B0GQZ9RGBD | D5: LSGLBC160AR | E5: https://dashboard.digitweblk.com/Productimages/23685.jpeg | F5: =IMAGE(E5:E997) | G5: TRUE | H5: TRUE | I5: TRUE | J5: FALSE | K5: FALSE | Q5: B0GQ44NJ32
A6: 5 | B6: B0GNZ7CYNF B0GNZ9Q62W | D6: LSGLULSG | E6: https://dashboard.digitweblk.com/Productimages/23606.jpg | F6: =IMAGE(E6:E998) | G6: TRUE | H6: TRUE | I6: TRUE | J6: FALSE | K6: FALSE | L6: Waiting for the image varification | Q6: B0GQZBBJFX
A7: 6 | B7: B0GLZ4FC6Z B0GMD7MTCJ | D7: LSGLDC160AS | E7: https://dashboard.digitweblk.com/Productimages/23684.jpg | F7: =IMAGE(E7:E999) | G7: TRUE | H7: TRUE | I7: TRUE | J7: FALSE | K7: FALSE | L7: Image correction needed | Q7: B0GQ48BNBZ
A8: 7 | B8: B0GNQZDVXL | D8: LSGLBH300WS | E8: https://dashboard.digitweblk.com/Productimages/23683.jpg | F8: =IMAGE(E8:E1000) | G8: TRUE | H8: TRUE | I8: TRUE | J8: FALSE | K8: FALSE | Q8: B07WP51SL6
A9: 8 | B9: B0GQZLYNDZ B0GQZLYNDZ | D9: LSGLWB125TN | E9: https://dashboard.digitweblk.com/Productimages/23677.jpg | F9: =IMAGE(E9:E1001) | G9: TRUE | H9: TRUE | I9: TRUE | J9: FALSE | K9: FALSE | L9: Waiting for the image varification | Q9: B0GQZLFJRQ
A10: 9 | B10: B0GNR6NQXD | D10: LSGLBG130WH | E10: https://dashboard.digitweblk.com/Productimages/23686.jpg | F10: =IMAGE(E10:E1002) | G10: TRUE | H10: TRUE | I10: TRUE | J10: FALSE | K10: FALSE | Q10: B0GQZ9RGBD
A11: 10 | B11: B0GLNWFGQ7 B0GMCRC482 B0GQZLBH4Y | D11: LSGLWM200YC | E11: https://dashboard.digitweblk.com/Productimages/23671.jpg | F11: =IMAGE(E11:E1003) | G11: TRUE | H11: TRUE | I11: TRUE | J11: FALSE | K11: FALSE | Q11: B0GNZ7CYNF
A12: 11 | B12: B0GMCRC482 B0GLNWFGQ7 B0GRGCH2JG | D12: LSGLWS180YC | E12: https://dashboard.digitweblk.com/Productimages/23672.jpg | F12: =IMAGE(E12:E1004) | G12: TRUE | H12: TRUE | I12: TRUE | J12: FALSE | K12: FALSE | Q12: B0GNZ9Q62W
A13: 12 | B13: B0GMD4R26Y B0GLZ4SY9Q | D13: LSGLCP120SY | E13: https://dashboard.digitweblk.com/Productimages/23670.jpg | F13: =IMAGE(E13:E1005) | G13: TRUE | H13: TRUE | I13: TRUE | J13: FALSE | K13: FALSE | L13: Image correction needed | Q13: B0GLZ4FC6Z
A14: 13 | B14: B0GQ477V54 | D14: LSGLLF170AR | E14: https://dashboard.digitweblk.com/Productimages/23663.jpg | F14: =IMAGE(E14:E1006) | G14: TRUE | H14: TRUE | I14: TRUE | J14: FALSE | K14: FALSE | L14: Waiting for the image varification | Q14: B0GMD7MTCJ
A15: 14 | B15: B0GNRHD755 | D15: LSGLBH150WS | E15: https://dashboard.digitweblk.com/Productimages/23673.jpg | F15: =IMAGE(E15:E1007) | G15: TRUE | H15: TRUE | I15: TRUE | J15: FALSE | K15: FALSE | Q15: B0GNQZDVXL
A16: 15 | B16: B0GLGQ78BC B0GLFZ9BSJ | D16: LSGLFP245BR | E16: https://dashboard.digitweblk.com/Productimages/23676.jpg | F16: =IMAGE(E16:E1008) | G16: TRUE | H16: TRUE | I16: TRUE | J16: FALSE | K16: FALSE | Q16: B0GQZLYNDZ
A17: 16 | B17: B0GLGXQ7CD B0GLGGJD2R | D17: LSGLFP245GR | E17: https://dashboard.digitweblk.com/Productimages/23666.jpg | F17: =IMAGE(E17:E1009) | G17: TRUE | H17: TRUE | I17: TRUE | J17: FALSE | K17: FALSE | Q17: B0GQZLYNDZ
A18: 17 | B18: B0GLGZDTH6 B0GLGLH64Z | D18: LSGLFP245BL | E18: https://dashboard.digitweblk.com/Productimages/23674.jpg | F18: =IMAGE(E3:E994) | G18: TRUE | H18: TRUE | I18: TRUE | J18: FALSE | K18: FALSE | Q18: B0GNR6NQXD
A19: 18 | B19: B0GLGSZJWJ B0GLGB3M6Q | D19: LSGLFP245PU | E19: https://dashboard.digitweblk.com/Productimages/23665.jpg | F19: =IMAGE(E4:E995) | G19: TRUE | H19: TRUE | I19: TRUE | J19: FALSE | K19: FALSE | Q19: B0GLNWFGQ7
A20: 19 | B20: B0GLYS5QCP B0GLZ2SYN4 B0GMGV1PMJ | D20: PLTRBC | E20: https://dashboard.digitweblk.com/Productimages/23658.png | F20: =IMAGE(E5:E996) | G20: TRUE | H20: TRUE | I20: TRUE | J20: FALSE | K20: FALSE | Q20: B0GMCRC482
A21: 20 | B21: B0GLZ42JJD B0GLYWV3LG B0GMH9D8H8 | D21: PLTRBM | E21: https://dashboard.digitweblk.com/Productimages/23657.jpeg | F21: =IMAGE(E6:E997) | G21: TRUE | H21: TRUE | I21: TRUE | J21: FALSE | K21: FALSE | Q21: B0GQZLBH4Y
A22: 21 | B22: B0GLYZ41VT B0GLYT7GQY | D22: PLTRULBC | E22: https://dashboard.digitweblk.com/Productimages/23669.jpeg | F22: =IMAGE(E7:E998) | G22: TRUE | H22: TRUE | I22: TRUE | J22: FALSE | K22: FALSE | M22: Theepana | N22: size details check | Q22: B0GMCRC482
A23: 22 | B23: B0GLZ888M6 B0GLYWJ4WL B0GMGKQPQP | D23: PLTRULBM | E23: https://dashboard.digitweblk.com/Productimages/23668.jpeg | F23: =IMAGE(E8:E999) | G23: TRUE | H23: TRUE | I23: TRUE | J23: FALSE | K23: FALSE | M23: Theepana | N23: size details check | Q23: B0GLNWFGQ7
A24: 23 | B24: B0GLPHBN8D B0GLNBSJMP | D24: PL4HRR | E24: https://dashboard.digitweblk.com/Productimages/23621.jpg | F24: =IMAGE(E9:E1000) | G24: TRUE | H24: TRUE | I24: TRUE | J24: FALSE | K24: FALSE | Q24: B0GRGCH2JG
A25: 24 | B25: B0GLPJH67X B0GLNHSJZ8 | D25: PL4HBM | E25: https://dashboard.digitweblk.com/Productimages/23620.jpg | F25: =IMAGE(E10:E1001) | G25: TRUE | H25: TRUE | I25: TRUE | J25: FALSE | K25: FALSE | Q25: B0GMD4R26Y
A26: 25 | B26: B0GLPLNXXC B0GLNHVVKS | D26: PL4HBC | E26: https://dashboard.digitweblk.com/Productimages/23619.jpg | F26: =IMAGE(E11:E1002) | G26: TRUE | H26: TRUE | I26: TRUE | J26: FALSE | K26: FALSE | Q26: B0GLZ4SY9Q
A27: 26 | B27: B0GMZVHF2T B0GN19RY8V | D27: WLFS220RR | E27: https://dashboard.digitweblk.com/Productimages/23618.jpeg | F27: =IMAGE(E12:E1003) | G27: TRUE | H27: TRUE | I27: TRUE | J27: FALSE | K27: FALSE | Q27: B0GQ477V54
A28: 27 | B28: B0GMZVR3R9 B0GMZY55ZG | D28: WLFS220BS | E28: https://dashboard.digitweblk.com/Productimages/23787.jpg | F28: =IMAGE(E13:E1004) | G28: TRUE | H28: TRUE | I28: TRUE | J28: FALSE | K28: FALSE | Q28: B0GNRHD755
A29: 28 | B29: B0GMZPVPNR B0GN1855BJ | D29: WLFS220BC | E29: https://dashboard.digitweblk.com/Productimages/23786.jpg | F29: =IMAGE(E14:E1005) | G29: TRUE | H29: TRUE | I29: TRUE | J29: FALSE | K29: FALSE | Q29: B0GLGQ78BC
A30: 29 | B30: B0GR625MB7 | D30: LSRH260AZ | E30: https://dashboard.digitweblk.com/Productimages/23659.jpg | F30: =IMAGE(E15:E1006) | G30: TRUE | H30: TRUE | I30: TRUE | J30: FALSE | K30: FALSE | Q30: B0GLFZ9BSJ
A31: 30 | B31: B0GR5Z5PX3 | D31: LSRT120AZ | E31: https://dashboard.digitweblk.com/Productimages/23660.jpeg | F31: =IMAGE(E16:E1007) | G31: TRUE | H31: TRUE | I31: TRUE | J31: FALSE | K31: FALSE | Q31: B0GLGXQ7CD
A32: 31 | B32: B0GR6FKHN1 | D32: LSRD260AZ | E32: https://dashboard.digitweblk.com/Productimages/23661.jpeg | F32: =IMAGE(E17:E1008) | G32: TRUE | H32: TRUE | I32: TRUE | J32: FALSE | K32: FALSE | Q32: B0GLGGJD2R
A33: 32 | B33: B0GP749K4P B0GP77P5Z5 B0GP87YX8W B0GP7RHSVG B0GP8C3TRW B0GP84PWQN B0GP73VLM8 B0GP6YD78R B0GP719CDX B0GP7TLRLZ | D33: LHPVHRE27WH | E33: https://dashboard.digitweblk.com/Productimages/23713.jpeg | F33: =IMAGE(E18:E1009) | G33: TRUE | H33: TRUE | I33: TRUE | J33: FALSE | K33: FALSE | Q33: B0GLGZDTH6
A34: 33 | D34: LHPVC1E27WH | E34: https://dashboard.digitweblk.com/Productimages/23715.jpeg | F34: =IMAGE(E19:E1010) | G34: TRUE | H34: TRUE | I34: FALSE | J34: FALSE | K34: FALSE | Q34: B0GLGLH64Z
A35: 34 | D35: LHPVWBE27WB | E35: https://dashboard.digitweblk.com/Productimages/23714.png | F35: =IMAGE(E19:E994) | G35: FALSE | H35: TRUE | I35: FALSE | J35: FALSE | K35: FALSE | Q35: B0GLGSZJWJ
A36: 35 | D36: LHPVC2E27WH | E36: https://dashboard.digitweblk.com/Productimages/23716.png | F36: =IMAGE(E20:E995) | G36: FALSE | H36: TRUE | I36: FALSE | J36: FALSE | K36: FALSE | Q36: B0GLGB3M6Q
A37: 36 | D37: LHPVGBWH | E37: https://dashboard.digitweblk.com/Productimages/23711.png | F37: =IMAGE(E21:E996) | G37: TRUE | H37: TRUE | I37: FALSE | J37: FALSE | K37: FALSE | Q37: B0GLYS5QCP
A38: 37 | D38: LHPVSCE27WH | E38: https://dashboard.digitweblk.com/Productimages/23712.jpeg | F38: =IMAGE(E22:E997) | G38: TRUE | H38: TRUE | I38: FALSE | J38: FALSE | K38: FALSE | Q38: B0GLZ2SYN4
A39: 38 | D39: SWHBSP1OSWH | E39: https://dashboard.digitweblk.com/Productimages/23708.png | F39: =IMAGE(E23:E998) | G39: TRUE | H39: TRUE | I39: FALSE | J39: FALSE | K39: FALSE | L39: AH | Q39: B0GMGV1PMJ
A40: 39 | D40: SWHBPB1OSWB | E40: https://dashboard.digitweblk.com/Productimages/23710.png | F40: =IMAGE(E24:E999) | G40: TRUE | H40: TRUE | I40: FALSE | J40: FALSE | K40: FALSE | L40: AH | Q40: B0GLZ42JJD
A41: 40 | D41: SWPC1GWHBR | E41: https://dashboard.digitweblk.com/Productimages/23709.png | F41: =IMAGE(E25:E1000) | G41: TRUE | H41: TRUE | I41: FALSE | J41: FALSE | K41: FALSE | L41: AH | Q41: B0GLYWV3LG
A42: 41 | D42: LHSSB22GD | E42: https://dashboard.digitweblk.com/Productimages/23794.jpg | F42: =IMAGE(E26:E1001) | G42: FALSE | H42: FALSE | I42: FALSE | J42: FALSE | K42: FALSE | Q42: B0GMH9D8H8
A43: 42 | D43: RPR3PC10WH | E43: https://dashboard.digitweblk.com/Productimages/23795.png | F43: =IMAGE(E27:E1002) | G43: FALSE | H43: FALSE | I43: FALSE | J43: FALSE | K43: FALSE | Q43: B0GLYZ41VT
A44: 43 | D44: RPR3PC29WH | E44: https://dashboard.digitweblk.com/Productimages/23795.png | G44: FALSE | H44: FALSE | I44: FALSE | J44: FALSE | K44: FALSE | Q44: B0GLYT7GQY
A45: 44 | B45: B0GSZ4BKLZ B0GSQMT5QC | D45: CRSFWL2HWN | E45: https://dashboard.digitweblk.com/Productimages/23797.jpg | F45: =IMAGE(E45:E994) | G45: TRUE | H45: TRUE | I45: FALSE | J45: FALSE | K45: FALSE | L45: TPBT2HWO | Q45: B0GLZ888M6
A46: 45 | B46: B0GSZDK133 B0GSQLNVBZ | D46: CRSFWL1HWN | E46: https://dashboard.digitweblk.com/Productimages/23798.jpg | F46: =IMAGE(E46:E995) | G46: TRUE | H46: TRUE | I46: FALSE | J46: FALSE | K46: FALSE | L46: TPBT1HWO | Q46: B0GLYWJ4WL
A47: 46 | B47: B0GSZBL4H3 B0GSQLNYBN | D47: CRSFWR1CHWO | E47: https://dashboard.digitweblk.com/Productimages/23799.jpg | F47: =IMAGE(E47:E996) | G47: TRUE | H47: TRUE | I47: FALSE | J47: FALSE | K47: FALSE | L47: TPBT1HRWO | Q47: B0GMGKQPQP
A48: 47 | D48: CRSFWR1CHWN | E48: =VLOOKUP(D48,Sheet4!A1:B994,2,0) -> https://dashboard.digitweblk.com/Productimages/23800.jpg | F48: =IMAGE(E48:E997) | G48: FALSE | H48: FALSE | I48: FALSE | J48: FALSE | K48: FALSE | L48: TPBTR1WNWO | Q48: B0GLPHBN8D
A49: 48 | B49: B0GSZDQCSG B0GSQDLDGK | D49: CRSFWR1THWO | E49: =vlookup(D49,Sheet4!A:B,2,false) -> https://dashboard.digitweblk.com/Productimages/23801.jpg | F49: =IMAGE(E49:E998) | G49: TRUE | H49: FALSE | I49: FALSE | J49: FALSE | K49: FALSE | Q49: B0GLNBSJMP
A50: 49 | D50: CRSFWR1LPWO | E50: =vlookup(D50,Sheet4!A:B,2,false) -> https://dashboard.digitweblk.com/Productimages/23802.jpg | F50: =IMAGE(E50:E999) | G50: TRUE | H50: FALSE | I50: FALSE | J50: FALSE | K50: FALSE | L50: not received | Q50: B0GLPJH67X
A51: 50 | D51: LHSWPBB22GD | E51: =vlookup(D51,Sheet4!A:B,2,false) -> https://dashboard.digitweblk.com/Productimages/23803.jpg | F51: =IMAGE(E51:E1000) | G51: TRUE | H51: TRUE | I51: FALSE | J51: FALSE | K51: FALSE | Q51: B0GLNHSJZ8
A52: 51 | D52: LHSWPBB22CH | E52: =vlookup(D52,Sheet4!A:B,2,false) -> https://dashboard.digitweblk.com/Productimages/23804.jpg | F52: =IMAGE(E52:E1001) | G52: TRUE | H52: TRUE | I52: FALSE | J52: FALSE | K52: FALSE | Q52: B0GLPLNXXC
A53: 52 | D53: LHSWPBB22SN | E53: =vlookup(D53,Sheet4!A:B,2,false) -> https://dashboard.digitweblk.com/Productimages/23805.jpg | F53: =IMAGE(E53:E1002) | G53: TRUE | H53: TRUE | I53: FALSE | J53: FALSE | K53: FALSE | Q53: B0GLNHVVKS
A54: 53 | D54: LHPLPLE14WH | E54: =vlookup(D54,Sheet4!A:B,2,false) -> https://dashboard.digitweblk.com/Productimages/23810.jpg | F54: =IMAGE(E50:E994) | G54: FALSE | H54: FALSE | I54: FALSE | J54: FALSE | K54: FALSE | Q54: B0GMZVHF2T
A55: 54 | D55: LHPLPLE14BM | E55: =vlookup(D55,Sheet4!A:B,2,false) -> https://dashboard.digitweblk.com/Productimages/23811.jpg | F55: =IMAGE(E50:E994) | G55: FALSE | H55: FALSE | I55: FALSE | J55: FALSE | K55: FALSE | Q55: B0GN19RY8V
A56: 55 | D56: LHPLFTE14WH | E56: =vlookup(D56,Sheet4!A:B,2,false) -> https://dashboard.digitweblk.com/Productimages/23812.jpg | F56: =IMAGE(E51:E995) | G56: FALSE | H56: FALSE | I56: FALSE | J56: FALSE | K56: FALSE | Q56: B0GMZVR3R9
A57: 56 | D57: LHPLFTE14BM | E57: =vlookup(D57,Sheet4!A:B,2,false) -> https://dashboard.digitweblk.com/Productimages/23813.jpg | F57: =IMAGE(E52:E996) | G57: FALSE | H57: FALSE | I57: FALSE | J57: FALSE | K57: FALSE | Q57: B0GMZY55ZG
A58: 57 | D58: LHPLHTE14WH | E58: =vlookup(D58,Sheet4!A:B,2,false) -> https://dashboard.digitweblk.com/Productimages/23814.jpg | F58: =IMAGE(E53:E997) | G58: FALSE | H58: FALSE | I58: FALSE | J58: FALSE | K58: FALSE | Q58: B0GMZPVPNR
A59: 58 | D59: LHPLHTE14BM | E59: =vlookup(D59,Sheet4!A:B,2,false) -> https://dashboard.digitweblk.com/Productimages/23815.jpg | F59: =IMAGE(E54:E998) | G59: FALSE | H59: FALSE | I59: FALSE | J59: FALSE | K59: FALSE | Q59: B0GN1855BJ
A60: 59 | D60: LHPLPLE27WH | E60: =vlookup(D60,Sheet4!A:B,2,false) -> https://dashboard.digitweblk.com/Productimages/23826.jpg | F60: =IMAGE(E55:E999) | G60: FALSE | H60: FALSE | I60: FALSE | J60: FALSE | K60: FALSE | Q60: B0GR625MB7
A61: 60 | D61: LHPLPLE27BM | E61: =vlookup(D61,Sheet4!A:B,2,false) -> https://dashboard.digitweblk.com/Productimages/23827.jpg | F61: =IMAGE(E56:E1000) | G61: FALSE | H61: FALSE | I61: FALSE | J61: FALSE | K61: FALSE | Q61: B0GR5Z5PX3
A62: 61 | D62: LHPLFTE27WH | E62: =vlookup(D62,Sheet4!A:B,2,false) -> https://dashboard.digitweblk.com/Productimages/23828.jpg | F62: =IMAGE(E57:E1001) | G62: FALSE | H62: FALSE | I62: FALSE | J62: FALSE | K62: FALSE | Q62: B0GR6FKHN1
A63: 62 | B63: B0GS96Z9CF B0GS9F62QZ B0GR8XKW5B B0GR96HJ79 B0GR8NCVL8 | D63: SPPGUK3PBM | E63: =vlookup(D63,Sheet4!A:B,2,false) -> https://dashboard.digitweblk.com/Productimages/23806.jpg | F63: =IMAGE(E58:E1002) | G63: TRUE | H63: TRUE | I63: TRUE | J63: FALSE | K63: FALSE | Q63: B0GP749K4P
A64: 63 | B64: B0GS93D9TC B0GS9DQFVZ B0GR8NP493 B0GR8T949R B0GR8S7HKG | D64: SPPGUK3PWH | E64: =vlookup(D64,Sheet4!A:B,2,false) -> https://dashboard.digitweblk.com/Productimages/23807.jpg | F64: =IMAGE(E59:E1003) | G64: TRUE | H64: TRUE | I64: TRUE | J64: FALSE | K64: FALSE | Q64: B0GP77P5Z5
A65: 64 | B65: B0GS9H5YGG B0GS9MNQ44 B0GR8KX976 B0GR94SDW9 B0GR9445PS | D65: SPPGUK3PGD | E65: =vlookup(D65,Sheet4!A:B,2,false) -> #N/A | F65: =IMAGE(E60:E1004) -> #N/A | G65: TRUE | H65: TRUE | I65: TRUE | J65: FALSE | K65: FALSE | Q65: B0GP87YX8W
A66: 65 | B66: B0GS9D8SZ6 B0GS9J7ZYR B0GR8KYJPZ B0GR8NMC3B B0GR8S6J1K | D66: SPPGUK3PTR | E66: =vlookup(D66,Sheet4!A:B,2,false) -> https://dashboard.digitweblk.com/Productimages/23809.jpg | F66: =IMAGE(E61:E1005) | G66: TRUE | H66: TRUE | I66: TRUE | J66: FALSE | K66: FALSE | Q66: B0GP7RHSVG
A67: 66 | B67: B0GLXHL585 B0GLYGJX1J | D67: PLHNBM | E67: =vlookup(D67,Sheet4!A:B,2,false) -> https://dashboard.digitweblk.com/Productimages/23646.jpg | F67: =IMAGE(E62:E1006) | G67: TRUE | H67: TRUE | I67: TRUE | J67: FALSE | K67: FALSE | L67: Theepana | Q67: B0GP8C3TRW
A68: 67 | B68: B0GLXS2NJF B0GLYBGWZF | D68: PLHNBS | E68: =vlookup(D68,Sheet4!A:B,2,false) -> https://dashboard.digitweblk.com/Productimages/23648.jpg | F68: =IMAGE(E63:E1007) | G68: TRUE | H68: TRUE | I68: TRUE | J68: FALSE | K68: FALSE | L68: Theepana | Q68: B0GP84PWQN
A69: 68 | B69: B0GLWWJT8F B0GLYG8JC1 | D69: PLHNBC | E69: =vlookup(D69,Sheet4!A:B,2,false) -> https://dashboard.digitweblk.com/Productimages/23647.jpg | F69: =IMAGE(E64:E1008) | G69: TRUE | H69: TRUE | I69: TRUE | J69: FALSE | K69: FALSE | L69: Theepana | Q69: B0GP73VLM8
A70: 69 | B70: B0GLXN2XYY B0GLQ4X7Y5 | D70: WSIWCRPI | E70: =vlookup(D70,Sheet4!A:B,2,false) -> https://dashboard.digitweblk.com/Productimages/23622.jpg | F70: =IMAGE(E65:E1009) | G70: TRUE | H70: TRUE | I70: TRUE | J70: TRUE | K70: FALSE | L70: dilani | Q70: B0GP6YD78R
A71: 70 | B71: B0GLPQDS17 B0GLWR63B2 | D71: WSIWCRBL | E71: =vlookup(D71,Sheet4!A:B,2,false) -> https://dashboard.digitweblk.com/Productimages/23623.jpg | F71: =IMAGE(E66:E1010) | G71: TRUE | H71: TRUE | I71: TRUE | J71: TRUE | K71: FALSE | L71: dilani | Q71: B0GP719CDX
A72: 71 | B72: B0GLPYRGJ7 B0GLX33BGN | D72: WSIWCRGR | E72: =vlookup(D72,Sheet4!A:B,2,false) -> https://dashboard.digitweblk.com/Productimages/23624.jpg | F72: =IMAGE(E67:E1011) | G72: TRUE | H72: TRUE | I72: TRUE | J72: TRUE | K72: FALSE | L72: dilani | Q72: B0GP7TLRLZ
A73: 72 | B73: B0GLX8RGW5 B0GLPSDYZ7 | D73: WSIWCRRE | E73: =vlookup(D73,Sheet4!A:B,2,false) -> https://dashboard.digitweblk.com/Productimages/23625.jpg | F73: =IMAGE(E68:E1012) | G73: TRUE | H73: TRUE | I73: TRUE | J73: TRUE | K73: FALSE | L73: dilani | Q73: B0GNZDWKJ6
A74: 73 | B74: B0BTPTDHWG B0DG8YJWY3 B0BTPTDHWG B0DG8YJWY3 B0GLYGLFSW | D74: WSWTPI | E74: =vlookup(D74,Sheet4!A:B,2,false) -> https://dashboard.digitweblk.com/Productimages/8582.jpg | F74: =IMAGE(E69:E1013) | G74: TRUE | H74: TRUE | I74: TRUE | J74: TRUE | K74: FALSE | Q74: B0GNZHGW4X
A75: 74 | B75: B0GLYF1ZM9 B0GLXHGNX4 | D75: WSWTBL | E75: =vlookup(D75,Sheet4!A:B,2,false) -> https://dashboard.digitweblk.com/Productimages/23629.jpg | F75: =IMAGE(E70:E1014) | G75: TRUE | H75: TRUE | I75: TRUE | J75: TRUE | K75: FALSE | L75: Theepana | Q75: B0GNZB4BPN
A76: 75 | B76: B0GLY3KFCX B0GLY13B5F | D76: WSWTGR | E76: =vlookup(D76,Sheet4!A:B,2,false) -> https://dashboard.digitweblk.com/Productimages/23630.jpg | F76: =IMAGE(E71:E1015) | G76: TRUE | H76: TRUE | I76: TRUE | J76: TRUE | K76: FALSE | L76: Theepana | Q76: B0GMHCHY7W
A77: 76 | B77: B0GLYMQ96G B0GLXHF2G2 | D77: WSWTRE | E77: =vlookup(D77,Sheet4!A:B,2,false) -> https://dashboard.digitweblk.com/Productimages/23631.jpg | F77: =IMAGE(E72:E1016) | G77: TRUE | H77: TRUE | I77: TRUE | J77: TRUE | K77: FALSE | L77: Theepana | Q77: B0GMHCM3ND
A78: 77 | D78: PHTC1PBRBM | E78: https://dashboard.digitweblk.com/Productimages/23835.png | F78: =IMAGE(E73:E1017) | G78: FALSE | H78: FALSE | I78: FALSE | J78: FALSE | K78: FALSE | Q78: B0GNZLCX15
A79: 78 | D79: PHTC1PGRGD | E79: https://dashboard.digitweblk.com/Productimages/23834.png | F79: =IMAGE(E74:E1018) | G79: FALSE | H79: FALSE | I79: FALSE | J79: FALSE | K79: FALSE | Q79: B0GNYZMC5G
A80: 79 | D80: PHTC1PCRCH | E80: https://dashboard.digitweblk.com/Productimages/23833.jpg | F80: =IMAGE(E75:E1019) | G80: FALSE | H80: FALSE | I80: FALSE | J80: FALSE | K80: FALSE | Q80: B0GNYRK2GT
D81: LHTT20E27YB | E81: https://dashboard.digitweblk.com/Productimages/23833.jpg | F81: =IMAGE(E76:E1020) | G81: FALSE | H81: FALSE | I81: FALSE | J81: FALSE | K81: FALSE | Q81: B0GMHQTBSQ
D82: COPA9TWH | E82: https://dashboard.digitweblk.com/Productimages/23837.png | F82: =IMAGE(E77:E1021) | G82: FALSE | H82: FALSE | I82: FALSE | J82: FALSE | K82: FALSE | Q82: B0GMHFZ7C1
D83: COPA10TWH | E83: https://dashboard.digitweblk.com/Productimages/23838.png | F83: =IMAGE(E78:E1022) | G83: FALSE | H83: FALSE | I83: FALSE | J83: FALSE | K83: FALSE | Q83: B0GQ9WT3WS
Q84: B0GQBBSMWN
Q85: B0GQ9FS6YG
Q86: B0GQ9FTQYJ
Q87: B0GQBCXGST
Q88: B0GQB28QMR
Q89: B0GQ98ZNZ9
Q90: B0GQ94Y1LJ
Q91: B0GQ9XX4PM
Q92: B0GQ9Z91YX
Q93: B0GQ9GRVZZ
Q94: B0GQ92JN6Y
Q95: B0GMGZJ8D5
... Q169: B0GQT8XQTL

Sheet Container 13
A1: No | B1: ASIN | C1: eBay IDs | D1: SKU | E1: Image Link | F1: Images | G1: Note | H1: Varmen Confirm | I1: Adams Listing | J1: Amazon | K1: Ebay | L1: Shopify | M1: =counta(D:D)-1 -> 33 | N1: =COUNTIF(J1:J100, TRUE) -> 14 | O1: =N1/M1 -> 0.42424242
A2: 1 | D2: WCFRO3DCPBBM | E2: =vlookup(D2,Sheet4!A:B,2,false) -> https://dashboard.digitweblk.com/Productimages/23793.png | F2: =IMAGE(E2:E17) | G2: Pre pack product , already have listings | H2: FALSE | I2: FALSE | J2: FALSE | K2: FALSE
A3: 2 | D3: WCFRO3LNPYBM | E3: =vlookup(D3,Sheet4!A:B,2,false) -> https://dashboard.digitweblk.com/Productimages/23789.png | F3: =IMAGE(E3:E18) | G3: Pre pack product , already have listings | H3: FALSE | I3: FALSE | J3: FALSE | K3: FALSE
A4: 3 | D4: WCFRE3LNPYBM | E4: =vlookup(D4,Sheet4!A:B,2,false) -> https://dashboard.digitweblk.com/Productimages/23790.png | F4: =IMAGE(E4:E19) | G4: Pre pack product , already have listings | H4: FALSE | I4: FALSE | J4: FALSE | K4: FALSE
A5: 4 | D5: WCFRO3WDPBBM | E5: =vlookup(D5,Sheet4!A:B,2,false) -> https://dashboard.digitweblk.com/Productimages/23791.png | F5: =IMAGE(E5:E20) | G5: Pre pack product , already have listings | H5: FALSE | I5: FALSE | J5: FALSE | K5: FALSE
A6: 5 | D6: WCFRO3WDPYBM | E6: =vlookup(D6,Sheet4!A:B,2,false) -> https://dashboard.digitweblk.com/Productimages/23792.png | F6: =IMAGE(E6:E21) | G6: Pre pack product , already have listings | H6: FALSE | I6: FALSE | J6: FALSE | K6: FALSE
A7: 6 | D7: WCFRO3DCPBBM | E7: =vlookup(D7,Sheet4!A:B,2,false) -> https://dashboard.digitweblk.com/Productimages/23793.png | F7: =IMAGE(E7:E22) | G7: Pre pack product , already have listings | H7: FALSE | I7: FALSE | J7: FALSE | K7: FALSE
A8: 7 | B8: B0GLR34G2Q B0GLQ6PB3J | D8: LSCY290DWH | E8: =vlookup(D8,Sheet4!A:B,2,false) -> https://dashboard.digitweblk.com/Productimages/23644.jpg | F8: =IMAGE(E8:E23) | H8: TRUE | I8: TRUE | J8: TRUE | K8: FALSE
A9: 8 | B9: B0GLR16H5P B0GLQ8J3WP | D9: LSCY290DGD | E9: =vlookup(D9,Sheet4!A:B,2,false) -> https://dashboard.digitweblk.com/Productimages/23642.jpg | F9: =IMAGE(E9:E25) | H9: TRUE | I9: TRUE | J9: TRUE | K9: FALSE
A10: 9 | B10: B0GLRT4KXS B0GLPZPXC1 | D10: LSCY290DNB | E10: =vlookup(D10,Sheet4!A:B,2,false) -> https://dashboard.digitweblk.com/Productimages/23641.jpg | F10: =IMAGE(E10:E26) | H10: TRUE | I10: TRUE | J10: TRUE | K10: FALSE
A11: 10 | B11: B0GLR5F57B B0GLQBYTGK | D11: LSCY290DOR | E11: =vlookup(D11,Sheet4!A:B,2,false) -> https://dashboard.digitweblk.com/Productimages/23640.jpg | F11: =IMAGE(E11:E27) | H11: TRUE | I11: TRUE | J11: TRUE | K11: FALSE
A12: 11 | B12: B0GLR9TLTX B0GLQ72BZ8 | D12: LSCY290DBU | E12: =vlookup(D12,Sheet4!A:B,2,false) -> https://dashboard.digitweblk.com/Productimages/23639.jpg | F12: =IMAGE(E12:E28) | H12: TRUE | I12: TRUE | J12: TRUE | K12: FALSE
A13: 12 | B13: B0GLQXPNCP B0GLQBNF6L | D13: LSCY290DRE | E13: =vlookup(D13,Sheet4!A:B,2,false) -> https://dashboard.digitweblk.com/Productimages/23638.jpg | F13: =IMAGE(E13:E29) | H13: TRUE | I13: TRUE | J13: TRUE | K13: FALSE
A14: 13 | B14: B0GLQTHFPB B0GLQ2N3MN | D14: LSCY290DGY | E14: =vlookup(D14,Sheet4!A:B,2,false) -> https://dashboard.digitweblk.com/Productimages/23637.jpg | F14: =IMAGE(E14:E30) | H14: TRUE | I14: TRUE | J14: TRUE | K14: FALSE
A15: 14 | B15: B0GLQYRR7B B0GLQC394Y | D15: LSCY290DYE | E15: =vlookup(D15,Sheet4!A:B,2,false) -> https://dashboard.digitweblk.com/Productimages/23636.jpg | F15: =IMAGE(E15:E31) | H15: TRUE | I15: TRUE | J15: TRUE | K15: FALSE
A16: 15 | B16: B0GLRKC9L5 B0GLQ245L8 | D16: LSCY290DCB | E16: =vlookup(D16,Sheet4!A:B,2,false) -> https://dashboard.digitweblk.com/Productimages/23635.jpg | F16: =IMAGE(E16:E32) | H16: TRUE | I16: TRUE | J16: TRUE | K16: FALSE
A17: 16 | B17: B0GLQZ7L1Z B0GLPXD3LQ | D17: LSCY290DBI | E17: =vlookup(D17,Sheet4!A:B,2,false) -> https://dashboard.digitweblk.com/Productimages/23634.jpg | F17: =IMAGE(E17:E33) | H17: TRUE | I17: TRUE | J17: TRUE | K17: FALSE
A18: 17 | B18: B0GLR6RM6P B0GLQ28C6T | D18: LSCY290DBT | E18: =vlookup(D18,Sheet4!A:B,2,false) -> https://dashboard.digitweblk.com/Productimages/23633.jpg | F18: =IMAGE(E18:E34) | H18: TRUE | I18: TRUE | J18: TRUE | K18: FALSE
A19: 18 | D19: LSFSDC1BM | E19: =vlookup(D19,Sheet4!A:B,2,false) -> https://dashboard.digitweblk.com/Productimages/23616.jpg | F19: =IMAGE(E19:E35) | H19: TRUE | I19: TRUE | J19: FALSE | K19: FALSE | M19: Theepana
A20: 19 | D20: LSGL9015GY | E20: =vlookup(D20,Sheet4!A:B,2,false) -> https://dashboard.digitweblk.com/Productimages/23604.jpg | F20: =IMAGE(E20) | H20: TRUE | I20: TRUE | J20: FALSE | K20: FALSE | M20: No price
A21: 20 | D21: LSGL606CL | E21: =vlookup(D21,Sheet4!A:B,2,false) -> https://dashboard.digitweblk.com/Productimages/23605.jpg | F21: =IMAGE(E21) | H21: FALSE | I21: TRUE | J21: FALSE | K21: FALSE
A22: 21 | B22: B0GTMZWFCD B0GTMJFSTP B0GTMQW1WF MERCHANT B0GTMT5N9B B0GTJ5P1KW B0GTHT26DV B0GTHJQKPG B0GTJ1BS3K | D22: LSGL10014CL | E22: =vlookup(D22,Sheet4!A:B,2,false) -> https://dashboard.digitweblk.com/Productimages/23607.jpg | F22: =IMAGE(E22) | H22: TRUE | I22: TRUE | J22: FALSE | K22: FALSE
A23: 22 | D23: LSGL6016CL | E23: =vlookup(D23,Sheet4!A:B,2,false) -> https://dashboard.digitweblk.com/Productimages/23610.jpg | F23: =IMAGE(E23) | H23: FALSE | I23: TRUE | J23: FALSE | K23: FALSE
A24: 23 | B24: B0GT4SFWFY B0GT4GWLHW | D24: LSGL9015CL | E24: =vlookup(D24,Sheet4!A:B,2,false) -> https://dashboard.digitweblk.com/Productimages/23613.jpg | F24: =IMAGE(E24) | H24: TRUE | I24: TRUE | J24: FALSE | K24: FALSE
A25: 24 | B25: B0CS6MSRCZ | D25: LSGL7512CL | E25: =vlookup(D25,Sheet4!A:B,2,false) -> https://dashboard.digitweblk.com/Productimages/23615.jpg | F25: =IMAGE(E25) | H25: TRUE | I25: TRUE | J25: FALSE | K25: FALSE
A26: 25 | B26: B0GR8RKQ23 B0GQZLFJRQ B0GR893H5P | D26: LSGL10012AR | E26: =vlookup(D26,Sheet4!A:B,2,false) -> https://dashboard.digitweblk.com/Productimages/23614.jpg | F26: =IMAGE(E26) | H26: TRUE | I26: TRUE | J26: FALSE | K26: FALSE
A27: 26 | D27: LSGL15014CL | E27: =vlookup(D27,Sheet4!A:B,2,false) -> https://dashboard.digitweblk.com/Productimages/23612.jpg | F27: =IMAGE(E27) | H27: FALSE | I27: TRUE | J27: FALSE | K27: FALSE
A28: 27 | D28: LSGL9015WH | E28: =vlookup(D28,Sheet4!A:B,2,false) -> https://dashboard.digitweblk.com/Productimages/23611.jpg | F28: =IMAGE(E28) | H28: TRUE | I28: TRUE | J28: FALSE | K28: FALSE
A29: 28 | B29: B0GSRQM519 B0GSR3M9RD B0GSG2GQ99 B0GSFB5MT6 | D29: LSGLULCL | E29: =vlookup(D29,Sheet4!A:B,2,false) -> https://dashboard.digitweblk.com/Productimages/23609.jpg | F29: =IMAGE(E29) | H29: TRUE | I29: TRUE | J29: FALSE | K29: FALSE | M29: dilani | N29: size details check
A30: 29 | D30: LSGLTNAR | E30: =vlookup(D30,Sheet4!A:B,2,false) -> https://dashboard.digitweblk.com/Productimages/23608.jpg | F30: =IMAGE(E30) | H30: FALSE | I30: FALSE | J30: FALSE | K30: FALSE
A31: 30 | B31: B0GNZ7CYNF B0GNZ9Q62W B0GNZ7CYNF | D31: LSGLULSG | E31: =vlookup(D31,Sheet4!A:B,2,false) -> https://dashboard.digitweblk.com/Productimages/23606.jpg | F31: =IMAGE(E31) | H31: TRUE | I31: TRUE | J31: TRUE | K31: FALSE
B32: B0GMW9YWCV B0GMW7JNRP B0GMVXCZ14 B0GMVW1FKR B0GLZZ7RTQ B0GLZDQ311 B0GLZB6539 B0GLZ4GN7P B0GLXBQ1FT B0GLX6PHSN | D32: LSHM240BG | E32: =vlookup(D32,Sheet4!A:B,2,false) -> https://dashboard.digitweblk.com/Productimages/23617.jpeg | F32: =IMAGE(E32) | H32: TRUE | I32: TRUE | J32: TRUE
B33: B0GMRCLVCX B0GMR5VGVG B0GMRH36DQ B0GMPDVMCB B0GMP89W89 B0GMPBX8D6 | D33: LSFT220BW | E33: =vlookup(D33,Sheet4!A:B,2,false) -> https://dashboard.digitweblk.com/Productimages/23816.jpg | F33: =IMAGE(E33) | H33: TRUE | I33: TRUE | J33: TRUE | M33: size details check
D34: WSWTCBM | E34: =vlookup(D34,Sheet4!A:B,2,false) -> https://dashboard.digitweblk.com/Productimages/23821.jpg | F34: =IMAGE(E34) | H34: TRUE | I34: TRUE | J34: FALSE

Sheet Container 14
A1: No | B1: ASIN | C1: eBay IDs | D1: SKU | E1: Image Link | F1: Images | G1: Varmen Confirm | H1: Adams Listing | I1: Amazon | J1: eBay | K1: Shopify | L1: delivery date 26/02/2026 | M1: =counta(D:D)-1 -> 35 | N1: =COUNTIF(I1:I100, TRUE) -> 8 | O1: =N1/M1 -> 0.22857143
A2: 1 | D2: WCBTC100FG | E2: =VLOOKUP(D2,Sheet4!A2:B1000,2,0) -> https://dashboard.digitweblk.com/Productimages/23703.jpg | F2: =IMAGE(E2:E1000) | G2: FALSE | H2: TRUE | I2: FALSE | J2: FALSE | K2: FALSE
A3: 2 | D3: WCBTC120FG | E3: =VLOOKUP(D3,Sheet4!A3:B1000,2,0) -> https://dashboard.digitweblk.com/Productimages/23704.jpg | F3: =IMAGE(E3:E1001) | G3: FALSE | H3: TRUE | I3: FALSE | J3: FALSE | K3: FALSE
A4: 3 | D4: WCBTC140FG | E4: =VLOOKUP(D4,Sheet4!A4:B1000,2,0) -> https://dashboard.digitweblk.com/Productimages/23705.jpg | F4: =IMAGE(E4:E1002) | G4: FALSE | H4: TRUE | I4: FALSE | J4: FALSE | K4: FALSE
A5: 4 | D5: WCBSF120FG | E5: =VLOOKUP(D5,Sheet4!A5:B1000,2,0) -> https://dashboard.digitweblk.com/Productimages/23707.jpg | F5: =IMAGE(E5:E1003) | G5: FALSE | H5: TRUE | I5: FALSE | J5: FALSE | K5: FALSE
A6: 5 | D6: WCBSF90FG | E6: =VLOOKUP(D6,Sheet4!A6:B1000,2,0) -> https://dashboard.digitweblk.com/Productimages/23706.jpg | F6: =IMAGE(E6:E1004) | G6: FALSE | H6: TRUE | I6: FALSE | J6: FALSE | K6: FALSE
A7: 6 | D7: WCBTC100FG | E7: =VLOOKUP(D7,Sheet4!A7:B1000,2,0) -> https://dashboard.digitweblk.com/Productimages/23703.jpg | F7: =IMAGE(E7:E1005) | G7: FALSE | H7: TRUE | I7: FALSE | J7: FALSE | K7: FALSE
A8: 7 | D8: WCBTC120FG | E8: =VLOOKUP(D8,Sheet4!A8:B1000,2,0) -> https://dashboard.digitweblk.com/Productimages/23704.jpg | F8: =IMAGE(E8:E1006) | G8: FALSE | H8: TRUE | I8: FALSE | J8: FALSE | K8: FALSE
A9: 8 | D9: WCBTC140FG | E9: =VLOOKUP(D9,Sheet4!A9:B1000,2,0) -> https://dashboard.digitweblk.com/Productimages/23705.jpg | F9: =IMAGE(E9:E1007) | G9: FALSE | H9: TRUE | I9: FALSE | J9: FALSE | K9: FALSE
A10: 9 | D10: WCBSF120FG | E10: =VLOOKUP(D10,Sheet4!A10:B1000,2,0) -> https://dashboard.digitweblk.com/Productimages/23707.jpg | F10: =IMAGE(E10:E1008) | G10: FALSE | H10: TRUE | I10: FALSE | J10: FALSE | K10: FALSE
A11: 10 | D11: WCBSF90FG | E11: =VLOOKUP(D11,Sheet4!A11:B1000,2,0) -> https://dashboard.digitweblk.com/Productimages/23706.jpg | F11: =IMAGE(E11:E1009) | G11: FALSE | H11: TRUE | I11: FALSE | J11: FALSE | K11: FALSE
A12: 11 | B12: B0GQZ5K8FZ B0GQTGMKGC | D12: LSFT255GR | E12: =VLOOKUP(D12,Sheet4!A12:B1000,2,0) -> https://dashboard.digitweblk.com/Productimages/23698.png | F12: =IMAGE(E12:E1010) | G12: FALSE | H12: TRUE | I12: TRUE | J12: FALSE | K12: FALSE
A13: 12 | B13: B0GQTDRCM6 | D13: LSFT255GY | E13: =VLOOKUP(D13,Sheet4!A13:B1000,2,0) -> https://dashboard.digitweblk.com/Productimages/23697.png | F13: =IMAGE(E13:E1011) | G13: FALSE | H13: TRUE | I13: TRUE | J13: FALSE | K13: FALSE
A14: 13 | B14: B0GQZ28WNN B0GQTKCX4S | D14: LSFT255BT | E14: =VLOOKUP(D14,Sheet4!A14:B1000,2,0) -> https://dashboard.digitweblk.com/Productimages/23696.png | F14: =IMAGE(E14:E1012) | G14: FALSE | H14: TRUE | I14: TRUE | J14: FALSE | K14: FALSE
A15: 14 | B15: B0GQZ9N8MG B0GQTG8JTS | D15: LSFT255CB | E15: =VLOOKUP(D15,Sheet4!A15:B1000,2,0) -> https://dashboard.digitweblk.com/Productimages/23695.png | F15: =IMAGE(E15:E1013) | G15: FALSE | H15: TRUE | I15: TRUE | J15: FALSE | K15: FALSE
A16: 15 | B16: B0GQZH3M9D B0GQTHNP61 | D16: LSFT255BD | E16: =VLOOKUP(D16,Sheet4!A16:B1000,2,0) -> https://dashboard.digitweblk.com/Productimages/23694.png | F16: =IMAGE(E16:E1014) | G16: FALSE | H16: TRUE | I16: TRUE | J16: FALSE | K16: FALSE
A17: 16 | B17: B0GQYZ8GN4 B0GQTMZXJ2 | D17: LSFT255RE | E17: =VLOOKUP(D17,Sheet4!A17:B1000,2,0) -> https://dashboard.digitweblk.com/Productimages/23692.png | F17: =IMAGE(E17:E1015) | G17: FALSE | H17: TRUE | I17: TRUE | J17: FALSE | K17: FALSE
A18: 17 | B18: B0GQZKM8GB B0GQTD87KL | D18: LSFT255BI | E18: =VLOOKUP(D18,Sheet4!A18:B1000,2,0) -> https://dashboard.digitweblk.com/Productimages/23691.png | F18: =IMAGE(E18:E1016) | G18: FALSE | H18: TRUE | I18: TRUE | J18: FALSE | K18: FALSE
A19: 18 | B19: B0GQZFPN3X B0GQT8XQTL | D19: LSFT255WH | E19: =VLOOKUP(D19,Sheet4!A19:B1000,2,0) -> https://dashboard.digitweblk.com/Productimages/23690.png | F19: =IMAGE(E19:E1017) | G19: FALSE | H19: TRUE | I19: TRUE | J19: FALSE | K19: FALSE
A20: 19 | D20: LHTMPSE27BM | E20: =VLOOKUP(D20,Sheet4!A20:B1000,2,0) -> https://dashboard.digitweblk.com/Productimages/23700.png | F20: =IMAGE(E20:E1018) | G20: FALSE | H20: FALSE | I20: FALSE | J20: FALSE | K20: FALSE
A21: 20 | D21: LHTMCE27BM | E21: =VLOOKUP(D21,Sheet4!A21:B1000,2,0) -> https://dashboard.digitweblk.com/Productimages/23699.jpg | F21: =IMAGE(E21:E1019) | G21: FALSE | H21: FALSE | I21: FALSE | J21: FALSE | K21: FALSE
A22: 21 | D22: PHSH2BMTBM | E22: =VLOOKUP(D22,Sheet4!A22:B1000,2,0) -> https://dashboard.digitweblk.com/Productimages/23702.png | F22: =IMAGE(E22:E1020) | G22: FALSE | H22: FALSE | I22: FALSE | J22: FALSE | K22: FALSE
A23: 22 | D23: PHSH2BMTYB | E23: =VLOOKUP(D23,Sheet4!A23:B1000,2,0) -> https://dashboard.digitweblk.com/Productimages/23701.png | F23: =IMAGE(E23:E1021) | G23: FALSE | H23: FALSE | I23: FALSE | J23: FALSE | K23: FALSE
A24: 23 | D24: PSL45P05OS2HYBM | E24: =VLOOKUP(D24,Sheet4!A24:B1000,2,0) -> https://dashboard.digitweblk.com/Productimages/23651.jpg | F24: =IMAGE(E24:E1022) | G24: FALSE | H24: FALSE | I24: FALSE | J24: FALSE | K24: FALSE
A25: 24 | D25: PSL4P25OS3HNBM | E25: =VLOOKUP(D25,Sheet4!A25:B1000,2,0) -> https://dashboard.digitweblk.com/Productimages/23652.jpg | F25: =IMAGE(E25:E1023) | G25: FALSE | H25: FALSE | I25: FALSE | J25: FALSE | K25: FALSE
A26: 25 | D26: PSL45P05OS3HYBM | E26: =VLOOKUP(D26,Sheet4!A26:B1000,2,0) -> https://dashboard.digitweblk.com/Productimages/23653.jpg | F26: =IMAGE(E26:E1024) | G26: FALSE | H26: FALSE | I26: FALSE | J26: FALSE | K26: FALSE
A27: 26 | D27: PSL4P25OS2HNBM | E27: =VLOOKUP(D27,Sheet4!A27:B1000,2,0) -> https://dashboard.digitweblk.com/Productimages/23654.jpg | F27: =IMAGE(E27:E1025) | G27: FALSE | H27: FALSE | I27: FALSE | J27: FALSE | K27: FALSE
A28: 27 | D28: PSL45P05OS2HYWH | E28: =VLOOKUP(D28,Sheet4!A28:B1000,2,0) -> https://dashboard.digitweblk.com/Productimages/23656.jpg | F28: =IMAGE(E28:E1026) | G28: FALSE | H28: FALSE | I28: FALSE | J28: FALSE | K28: FALSE
A29: 28 | D29: PSL2P15OS2HNBM | E29: =VLOOKUP(D29,Sheet4!A29:B1000,2,0) -> https://dashboard.digitweblk.com/Productimages/23655.jpg | F29: =IMAGE(E29:E1027) | G29: FALSE | H29: FALSE | I29: FALSE | J29: FALSE | K29: FALSE
A30: 29 | D30: IMACWW | E30: =VLOOKUP(D30,Sheet4!A29:B1000,2,0) -> https://dashboard.digitweblk.com/Productimages/23722.jpg | F30: =IMAGE(E30:E1028) | G30: FALSE | H30: FALSE | I30: FALSE | J30: FALSE | K30: FALSE
A31: 30 | D31: IMACRG | E31: =VLOOKUP(D31,Sheet4!A30:B1000,2,0) -> https://dashboard.digitweblk.com/Productimages/23721.jpg | F31: =IMAGE(E31:E1029) | G31: FALSE | H31: FALSE | I31: FALSE | J31: FALSE | K31: FALSE
A32: 31 | D32: IMACGR | E32: =VLOOKUP(D32,Sheet4!A31:B1000,2,0) -> https://dashboard.digitweblk.com/Productimages/23720.jpg | F32: =IMAGE(E32:E1030) | G32: FALSE | H32: FALSE | I32: FALSE | J32: FALSE | K32: FALSE
A33: 32 | D33: IMACYE | E33: =VLOOKUP(D33,Sheet4!A32:B1000,2,0) -> https://dashboard.digitweblk.com/Productimages/23719.jpg | F33: =IMAGE(E33:E1031) | G33: FALSE | H33: FALSE | I33: FALSE | J33: FALSE | K33: FALSE
A34: 33 | D34: IMACCW | E34: =VLOOKUP(D34,Sheet4!A33:B1000,2,0) -> https://dashboard.digitweblk.com/Productimages/23718.jpg | F34: =IMAGE(E34:E1032) | G34: FALSE | H34: FALSE | I34: FALSE | J34: FALSE | K34: FALSE
A35: 34 | D35: IMYE | E35: =VLOOKUP(D35,Sheet4!A34:B1000,2,0) -> https://dashboard.digitweblk.com/Productimages/23717.jpg | F35: =IMAGE(E35:E1033) | G35: FALSE | H35: FALSE | I35: FALSE | J35: FALSE | K35: FALSE
D36: WLFS220YBG | E36: =VLOOKUP(D36,Sheet4!A35:B1000,2,0) -> https://dashboard.digitweblk.com/Productimages/23846.jpg | F36: =IMAGE(E36:E1034)
E37: =VLOOKUP(D37,Sheet4!A36:B1000,2,0) -> #N/A | F37: =IMAGE(E37:E1035) -> #N/A
F38: =IMAGE(E38:E1036)
F39: =IMAGE(E39:E1037)
F40: =IMAGE(E40:E1038)
F41: =IMAGE(E41:E1039)

Sheet Container 15
A1: No | B1: ASIN | C1: eBay IDs | D1: SKU | E1: Image Link | F1: Images | G1: Varmen Confirm | H1: Adams Listing | I1: Amazon | J1: Ebay | K1: Shopify | L1: delivery date 11/03/2026 | M1: =counta(D:D)-1 -> 3 | N1: =COUNTIF(I1:I100, TRUE) -> 0 | O1: =N1/M1 -> 0
A2: 1 | D2: WLIP65UPBM | E2: =VLOOKUP(D2,Sheet4!A2:B999,2,0) -> https://dashboard.digitweblk.com/Productimages/23649.jpg | F2: =IMAGE(E2) | G2: FALSE | H2: FALSE | I2: FALSE | J2: FALSE | K2: FALSE
A3: 2 | D3: WLIP65DNBM | E3: =VLOOKUP(D3,Sheet4!A3:B999,2,0) -> https://dashboard.digitweblk.com/Productimages/23650.jpg | F3: =IMAGE(E3) | G3: FALSE | H3: FALSE | I3: FALSE | J3: FALSE | K3: FALSE
A4: 3 | D4: WLIP65DNBM | E4: =VLOOKUP(D4,Sheet4!A4:B999,2,0) -> https://dashboard.digitweblk.com/Productimages/23650.jpg | F4: =IMAGE(E4) | G4: FALSE | H4: FALSE | I4: FALSE | J4: FALSE | K4: FALSE

Sheet Container 16
A1: No | B1: ASIN | C1: eBay IDs | D1: SKU | E1: Image Link | F1: Images | G1: Varmen Confirm | H1: Adams Listing | I1: Amazon | J1: Ebay | K1: Shopify | L1: 28-03-2026 | M1: =counta(D:D)-1 -> 51 | N1: =COUNTIF(I1:I77, TRUE) -> 0 | O1: =N1/M1 -> 0
A2: 1 | D2: LSSC310BI | E2: =VLOOKUP(D2,Sheet4!A2:B977,2,0) -> https://dashboard.digitweblk.com/Productimages/23730.jpg | F2: =image(E2) | G2: FALSE | H2: TRUE | I2: FALSE | J2: FALSE | K2: FALSE
A3: 2 | D3: LSSC310GR | E3: =VLOOKUP(D3,Sheet4!A3:B977,2,0) -> https://dashboard.digitweblk.com/Productimages/23731.jpg | F3: =image(E3) | G3: FALSE | H3: TRUE | I3: FALSE | J3: FALSE | K3: FALSE
A4: 3 | D4: LSSC310GY | E4: =VLOOKUP(D4,Sheet4!A4:B977,2,0) -> https://dashboard.digitweblk.com/Productimages/23732.jpg | F4: =image(E4) | G4: FALSE | H4: TRUE | I4: FALSE | J4: FALSE | K4: FALSE
A5: 4 | D5: LSSC310RE | E5: =VLOOKUP(D5,Sheet4!A5:B977,2,0) -> https://dashboard.digitweblk.com/Productimages/23734.jpg | F5: =image(E5) | G5: FALSE | H5: TRUE | I5: FALSE | J5: FALSE | K5: FALSE
A6: 5 | D6: LSSC310OR | E6: =VLOOKUP(D6,Sheet4!A6:B977,2,0) -> https://dashboard.digitweblk.com/Productimages/23733.jpg | F6: =image(E6) | G6: FALSE | H6: TRUE | I6: FALSE | J6: FALSE | K6: FALSE
A7: 6 | D7: WSAFT200BG | E7: =VLOOKUP(D7,Sheet4!A7:B977,2,0) -> https://dashboard.digitweblk.com/Productimages/23772.jpg | F7: =image(E7) | G7: FALSE | H7: FALSE | I7: FALSE | J7: FALSE | K7: FALSE
A8: 7 | D8: WSAHQS150BG | E8: =VLOOKUP(D8,Sheet4!A8:B977,2,0) -> https://dashboard.digitweblk.com/Productimages/23773.jpg | F8: =image(E8) | G8: FALSE | H8: FALSE | I8: FALSE | J8: FALSE | K8: FALSE
A9: 8 | D9: WSACY195BG | E9: =VLOOKUP(D9,Sheet4!A9:B977,2,0) -> https://dashboard.digitweblk.com/Productimages/23779.jpg | F9: =image(E9) | G9: FALSE | H9: FALSE | I9: FALSE | J9: FALSE | K9: FALSE
A10: 9 | D10: LSACY195BG | E10: =VLOOKUP(D10,Sheet4!A10:B977,2,0) -> https://dashboard.digitweblk.com/Productimages/23689.jpg | F10: =image(E10) | G10: FALSE | H10: TRUE | I10: FALSE | J10: FALSE | K10: FALSE
A11: 10 | D11: LSAFT200BG | E11: =VLOOKUP(D11,Sheet4!A11:B977,2,0) -> https://dashboard.digitweblk.com/Productimages/23687.png | F11: =image(E11) | G11: FALSE | H11: TRUE | I11: FALSE | J11: FALSE | K11: FALSE
A12: 11 | D12: WLWOHTBM | E12: =VLOOKUP(D12,Sheet4!A12:B977,2,0) -> https://dashboard.digitweblk.com/Productimages/23769.jpg | F12: =image(E12) | G12: FALSE | H12: TRUE | I12: FALSE | J12: FALSE | K12: FALSE
A13: 12 | D13: WLWOFTWO | E13: =VLOOKUP(D13,Sheet4!A13:B977,2,0) -> https://dashboard.digitweblk.com/Productimages/23770.jpg | F13: =image(E13) | G13: FALSE | H13: TRUE | I13: FALSE | J13: FALSE | K13: FALSE
A14: 13 | D14: WSCYMUBG | E14: =VLOOKUP(D14,Sheet4!A14:B977,2,0) -> https://dashboard.digitweblk.com/Productimages/23768.jpg | F14: =image(E14) | G14: FALSE | H14: FALSE | I14: FALSE | J14: FALSE | K14: FALSE
A15: 14 | D15: WSCYMUBM | E15: =VLOOKUP(D15,Sheet4!A15:B977,2,0) -> https://dashboard.digitweblk.com/Productimages/23767.jpg | F15: =image(E15) | G15: FALSE | H15: FALSE | I15: FALSE | J15: FALSE | K15: FALSE
A16: 15 | D16: WS2HTBMYB | E16: =VLOOKUP(D16,Sheet4!A16:B977,2,0) -> https://dashboard.digitweblk.com/Productimages/23780.jpg | F16: =image(E16) | G16: FALSE | H16: FALSE | I16: FALSE | J16: FALSE | K16: FALSE
A17: 15 | D17: PHIFT1PCRCH | E17: =VLOOKUP(D17,Sheet4!A17:B977,2,0) -> https://dashboard.digitweblk.com/Productimages/23774.png | F17: =image(E17) | G17: FALSE | H17: FALSE | I17: FALSE | J17: FALSE | K17: FALSE
A18: 17 | D18: PHIFT1PBRYB | E18: =VLOOKUP(D18,Sheet4!A18:B977,2,0) -> https://dashboard.digitweblk.com/Productimages/23771.png | F18: =image(E18) | G18: FALSE | H18: FALSE | I18: FALSE | J18: FALSE | K18: FALSE
A19: 18 | D19: PHIFT1PBRBM | E19: =VLOOKUP(D19,Sheet4!A19:B977,2,0) -> https://dashboard.digitweblk.com/Productimages/23775.png | F19: =image(E19) | G19: FALSE | H19: FALSE | I19: FALSE | J19: FALSE | K19: FALSE
A20: 19 | D20: LHIFTE27BM | E20: =VLOOKUP(D20,Sheet4!A20:B977,2,0) -> https://dashboard.digitweblk.com/Productimages/23777.jpg | F20: =image(E20) | G20: FALSE | H20: FALSE | I20: FALSE | J20: FALSE | K20: FALSE
A21: 20 | D21: LHIFTE27CH | E21: =VLOOKUP(D21,Sheet4!A21:B977,2,0) -> https://dashboard.digitweblk.com/Productimages/23778.jpg | F21: =image(E21) | G21: FALSE | H21: FALSE | I21: FALSE | J21: FALSE | K21: FALSE
A22: 21 | D22: LHIFTE27YB | E22: =VLOOKUP(D22,Sheet4!A22:B977,2,0) -> https://dashboard.digitweblk.com/Productimages/23776.jpg | F22: =image(E22) | G22: FALSE | H22: FALSE | I22: FALSE | J22: FALSE | K22: FALSE
A23: 22 | D23: CRSP80303BM | E23: =VLOOKUP(D23,Sheet4!A23:B977,2,0) -> https://dashboard.digitweblk.com/Productimages/23747.jpg | F23: =image(E23) | G23: FALSE | H23: FALSE | I23: FALSE | J23: FALSE | K23: FALSE
A24: 23 | D24: CRSP80304BM | E24: =VLOOKUP(D24,Sheet4!A24:B977,2,0) -> https://dashboard.digitweblk.com/Productimages/23753.jpg | F24: =image(E24) | G24: FALSE | H24: FALSE | I24: FALSE | J24: FALSE | K24: FALSE
A25: 24 | D25: CRSP80303CO | E25: =VLOOKUP(D25,Sheet4!A25:B977,2,0) -> https://dashboard.digitweblk.com/Productimages/23749.jpg | F25: =image(E25) | G25: FALSE | H25: FALSE | I25: FALSE | J25: FALSE | K25: FALSE
A26: 25 | D26: CRSP80305BM | E26: =VLOOKUP(D26,Sheet4!A26:B977,2,0) -> https://dashboard.digitweblk.com/Productimages/23757.jpg | F26: =image(E26) | G26: FALSE | H26: FALSE | I26: FALSE | J26: FALSE | K26: FALSE
A27: 26 | D27: CRSP80305YB | E27: =VLOOKUP(D27,Sheet4!A27:B977,2,0) -> https://dashboard.digitweblk.com/Productimages/23758.jpg | F27: =image(E27) | G27: FALSE | H27: FALSE | I27: FALSE | J27: FALSE | K27: FALSE
A28: 27 | D28: CRSP80303CH | E28: =VLOOKUP(D28,Sheet4!A28:B977,2,0) -> https://dashboard.digitweblk.com/Productimages/23748.jpg | F28: =image(E28) | G28: FALSE | H28: TRUE | I28: FALSE | J28: FALSE | K28: FALSE
A29: 28 | D29: CRSP80303YB | E29: =VLOOKUP(D29,Sheet4!A29:B977,2,0) -> https://dashboard.digitweblk.com/Productimages/23750.jpg | F29: =image(E29) | G29: FALSE | H29: FALSE | I29: FALSE | J29: FALSE | K29: FALSE
A30: 29 | D30: CRSP80305CH | E30: =VLOOKUP(D30,Sheet4!A30:B977,2,0) -> https://dashboard.digitweblk.com/Productimages/23756.jpg | F30: =image(E30) | G30: FALSE | H30: FALSE | I30: FALSE | J30: FALSE | K30: FALSE
A31: 30 | D31: CRSP80305CO | E31: =VLOOKUP(D31,Sheet4!A31:B977,2,0) -> https://dashboard.digitweblk.com/Productimages/23755.jpg | F31: =image(E31) | G31: FALSE | H31: FALSE | I31: FALSE | J31: FALSE | K31: FALSE
A32: 31 | D32: CRSP80303SN | E32: =VLOOKUP(D32,Sheet4!A32:B977,2,0) -> https://dashboard.digitweblk.com/Productimages/23751.jpg | F32: =image(E32) | G32: TRUE | H32: FALSE | I32: FALSE | J32: FALSE | K32: FALSE
A33: 1 | D33: CRSP60603BM | E33: =VLOOKUP(D33,Sheet4!A33:B977,2,0) -> https://dashboard.digitweblk.com/Productimages/23752.png | F33: =image(E33) | G33: FALSE | H33: FALSE | I33: FALSE | J33: FALSE | K33: FALSE
A34: 1 | D34: CRSP60605BM | E34: =VLOOKUP(D34,Sheet4!A34:B977,2,0) -> https://dashboard.digitweblk.com/Productimages/23759.jpg | F34: =image(E34) | G34: FALSE | H34: FALSE | I34: FALSE | J34: FALSE | K34: FALSE
A35: 1 | D35: CRSP60605WH | E35: =VLOOKUP(D35,Sheet4!A35:B977,2,0) -> https://dashboard.digitweblk.com/Productimages/23760.jpg | F35: =image(E35) | G35: FALSE | H35: FALSE | I35: FALSE | J35: FALSE | K35: FALSE
A36: 1 | D36: CRSP60603WH | E36: =VLOOKUP(D36,Sheet4!A36:B977,2,0) -> https://dashboard.digitweblk.com/Productimages/23761.jpg | F36: =image(E36) | G36: FALSE | H36: FALSE | I36: FALSE | J36: FALSE | K36: FALSE
A37: 1 | D37: CRSP60601BM | E37: =VLOOKUP(D37,Sheet4!A37:B977,2,0) -> https://dashboard.digitweblk.com/Productimages/23762.jpg | F37: =image(E37) | G37: TRUE | H37: FALSE | I37: FALSE | J37: FALSE | K37: TRUE
A38: 1 | D38: CRSP80305WH | E38: =VLOOKUP(D38,Sheet4!A38:B977,2,0) -> https://dashboard.digitweblk.com/Productimages/23754.jpg | F38: =image(E38) | G38: FALSE | H38: FALSE | I38: FALSE | J38: FALSE | K38: FALSE
A39: 1 | D39: CRSP80305SN | E39: =VLOOKUP(D39,Sheet4!A39:B977,2,0) -> https://dashboard.digitweblk.com/Productimages/23763.jpg | F39: =image(E39) | G39: FALSE | H39: FALSE | I39: FALSE | J39: FALSE | K39: FALSE
A40: 1 | D40: CRSP80303WH | E40: =VLOOKUP(D40,Sheet4!A40:B977,2,0) -> https://dashboard.digitweblk.com/Productimages/23764.jpg | F40: =image(E40) | G40: FALSE | H40: FALSE | I40: FALSE | J40: FALSE | K40: FALSE
A41: 1 | D41: CRSFM110080BM | E41: =VLOOKUP(D41,Sheet4!A41:B977,2,0) -> https://dashboard.digitweblk.com/Productimages/23766.jpg | F41: =image(E41) | G41: FALSE | H41: FALSE | I41: FALSE | J41: FALSE | K41: FALSE
A42: 1 | D42: CRSFM110080WH | E42: =VLOOKUP(D42,Sheet4!A42:B977,2,0) -> https://dashboard.digitweblk.com/Productimages/23765.jpg | F42: =image(E42) | G42: FALSE | H42: FALSE | I42: FALSE | J42: FALSE | K42: FALSE
A43: 1 | D43: WSAT105YB | E43: =VLOOKUP(D43,Sheet4!A43:B977,2,0) -> http://dashboard.digitweblk.com/Productimages/WSAT105YB.jpg | F43: =image(E43) | G43: FALSE | H43: FALSE | I43: FALSE | J43: FALSE | K43: FALSE
A44: 1 | D44: LSF1HT400HE | E44: =VLOOKUP(D44,Sheet4!A44:B977,2,0) -> https://dashboard.digitweblk.com/Productimages/23294.jpg | F44: =image(E44) | G44: FALSE | H44: FALSE | I44: FALSE | J44: FALSE | K44: FALSE
A45: 1 | D45: PHBAF1BMRBM | E45: =VLOOKUP(D45,Sheet4!A45:B977,2,0) -> https://dashboard.digitweblk.com/Productimages/23247.jpg | F45: =image(E45) | G45: FALSE | H45: FALSE | I45: FALSE | J45: FALSE | K45: FALSE
A46: 1 | D46: CRSFM110080BM | E46: =VLOOKUP(D46,Sheet4!A46:B977,2,0) -> https://dashboard.digitweblk.com/Productimages/23766.jpg | F46: =image(E46) | G46: FALSE | H46: FALSE | I46: FALSE | J46: FALSE | K46: FALSE
A47: 1 | D47: CRSFM110080WH | E47: =VLOOKUP(D47,Sheet4!A47:B977,2,0) -> https://dashboard.digitweblk.com/Productimages/23765.jpg | F47: =image(E47) | G47: FALSE | H47: FALSE | I47: FALSE | J47: FALSE | K47: FALSE
A48: 1 | D48: WLWOHTBM | E48: =VLOOKUP(D48,Sheet4!A48:B977,2,0) -> https://dashboard.digitweblk.com/Productimages/23769.jpg | F48: =image(E48) | G48: FALSE | H48: TRUE | I48: FALSE | J48: FALSE | K48: FALSE
A49: 1 | D49: WLWOFTWO | E49: =VLOOKUP(D49,Sheet4!A49:B977,2,0) -> https://dashboard.digitweblk.com/Productimages/23770.jpg | F49: =image(E49) | G49: FALSE | H49: TRUE | I49: FALSE | J49: FALSE | K49: FALSE
A50: 1 | D50: WSACY195BG | E50: =VLOOKUP(D50,Sheet4!A50:B977,2,0) -> https://dashboard.digitweblk.com/Productimages/23779.jpg | F50: =image(E50) | G50: FALSE | H50: FALSE | I50: FALSE | J50: FALSE | K50: FALSE
A51: 1 | D51: LSAFT200BG | E51: =VLOOKUP(D51,Sheet4!A51:B977,2,0) -> https://dashboard.digitweblk.com/Productimages/23687.png | F51: =image(E51) | G51: FALSE | H51: FALSE | I51: FALSE | J51: FALSE | K51: FALSE
A52: 1 | D52: PCRMFF | E52: =VLOOKUP(D52,Sheet4!A52:B977,2,0) -> #N/A | F52: =image(E52) -> #N/A | G52: FALSE | H52: TRUE | I52: FALSE | J52: FALSE | K52: FALSE
A53: 1 | E53: =VLOOKUP(D53,Sheet4!A53:B977,2,0) -> #N/A | F53: =image(E53) -> #N/A | G53: FALSE | H53: FALSE | I53: FALSE | J53: FALSE | K53: FALSE
A54: 1 | E54: =VLOOKUP(D54,Sheet4!A54:B977,2,0) -> #N/A | F54: =image(E54) -> #N/A | G54: FALSE | H54: FALSE | I54: FALSE | J54: FALSE | K54: FALSE
A55: 1 | E55: =VLOOKUP(D55,Sheet4!A55:B977,2,0) -> #N/A | F55: =image(E55) -> #N/A | G55: FALSE | H55: FALSE | I55: FALSE | J55: FALSE | K55: FALSE
A56: 1 | E56: =VLOOKUP(D56,Sheet4!A56:B977,2,0) -> #N/A | F56: =image(E56) -> #N/A | G56: FALSE | H56: FALSE | I56: FALSE | J56: FALSE | K56: FALSE
A57: 1 | E57: =VLOOKUP(D57,Sheet4!A57:B977,2,0) -> #N/A | F57: =image(E57) -> #N/A | G57: FALSE | H57: FALSE | I57: FALSE | J57: FALSE | K57: FALSE
A58: 1 | E58: =VLOOKUP(D58,Sheet4!A58:B977,2,0) -> #N/A | F58: =image(E58) -> #N/A | G58: FALSE | H58: FALSE | I58: FALSE | J58: FALSE | K58: FALSE
A59: 1 | E59: =VLOOKUP(D59,Sheet4!A59:B977,2,0) -> #N/A | F59: =image(E59) -> #N/A | G59: FALSE | H59: FALSE | I59: FALSE | J59: FALSE | K59: FALSE
A60: 1 | E60: =VLOOKUP(D60,Sheet4!A60:B977,2,0) -> #N/A | F60: =image(E60) -> #N/A | G60: FALSE | H60: FALSE | I60: FALSE | J60: FALSE | K60: FALSE
A61: 1 | E61: =VLOOKUP(D61,Sheet4!A61:B977,2,0) -> #N/A | F61: =image(E61) -> #N/A | G61: FALSE | H61: FALSE | I61: FALSE | J61: FALSE | K61: FALSE
A62: 1 | E62: =VLOOKUP(D62,Sheet4!A62:B977,2,0) -> #N/A | F62: =image(E62) -> #N/A | G62: FALSE | H62: FALSE | I62: FALSE | J62: FALSE | K62: FALSE
A63: 1 | E63: =VLOOKUP(D63,Sheet4!A63:B977,2,0) -> #N/A | F63: =image(E63) -> #N/A | G63: FALSE | H63: FALSE | I63: FALSE | J63: FALSE | K63: FALSE
A64: 1 | E64: =VLOOKUP(D64,Sheet4!A64:B977,2,0) -> #N/A | F64: =image(E64) -> #N/A | G64: FALSE | H64: FALSE | I64: FALSE | J64: FALSE | K64: FALSE
A65: 1 | E65: =VLOOKUP(D65,Sheet4!A65:B977,2,0) -> #N/A | F65: =image(E65) -> #N/A | G65: FALSE | H65: FALSE | I65: FALSE | J65: FALSE | K65: FALSE
A66: 1 | E66: =VLOOKUP(D66,Sheet4!A66:B977,2,0) -> #N/A | F66: =image(E66) -> #N/A | G66: FALSE | H66: FALSE | I66: FALSE | J66: FALSE | K66: FALSE
A67: 1 | E67: =VLOOKUP(D67,Sheet4!A67:B977,2,0) -> #N/A | F67: =image(E67) -> #N/A | G67: FALSE | H67: FALSE | I67: FALSE | J67: FALSE | K67: FALSE
A68: 1 | E68: =VLOOKUP(D68,Sheet4!A68:B977,2,0) -> #N/A | F68: =image(E68) -> #N/A | G68: FALSE | H68: FALSE | I68: FALSE | J68: FALSE | K68: FALSE
A69: 1 | E69: =VLOOKUP(D69,Sheet4!A69:B977,2,0) -> #N/A | F69: =image(E69) -> #N/A | G69: FALSE | H69: FALSE | I69: FALSE | J69: FALSE | K69: FALSE
A70: 1 | E70: =VLOOKUP(D70,Sheet4!A70:B977,2,0) -> #N/A | F70: =image(E70) -> #N/A | G70: FALSE | H70: FALSE | I70: FALSE | J70: FALSE | K70: FALSE
A71: 1 | E71: =VLOOKUP(D71,Sheet4!A71:B977,2,0) -> #N/A | F71: =image(E71) -> #N/A | G71: FALSE | H71: FALSE | I71: FALSE | J71: FALSE | K71: FALSE
A72: 1 | E72: =VLOOKUP(D72,Sheet4!A72:B977,2,0) -> #N/A | F72: =image(E72) -> #N/A | G72: FALSE | H72: FALSE | I72: FALSE | J72: FALSE | K72: FALSE
A73: 1 | E73: =VLOOKUP(D73,Sheet4!A73:B977,2,0) -> #N/A | F73: =image(E73) -> #N/A | G73: FALSE | H73: FALSE | I73: FALSE | J73: FALSE | K73: FALSE
A74: 1 | E74: =VLOOKUP(D74,Sheet4!A74:B977,2,0) -> #N/A | F74: =image(E74) -> #N/A | G74: FALSE | H74: FALSE | I74: FALSE | J74: FALSE | K74: FALSE
A75: 1 | E75: =VLOOKUP(D75,Sheet4!A75:B977,2,0) -> #N/A | F75: =image(E75) -> #N/A | G75: FALSE | H75: FALSE | I75: FALSE | J75: FALSE | K75: FALSE
A76: 1 | E76: =VLOOKUP(D76,Sheet4!A76:B977,2,0) -> #N/A | F76: =image(E76) -> #N/A | G76: FALSE | H76: FALSE | I76: FALSE | J76: FALSE | K76: FALSE
A77: 1 | E77: =VLOOKUP(D77,Sheet4!A77:B977,2,0) -> #N/A | F77: =image(E77) -> #N/A | G77: FALSE | H77: FALSE | I77: FALSE | J77: FALSE | K77: FALSE
A78: 1 | E78: =VLOOKUP(D78,Sheet4!A78:B977,2,0) -> #N/A | F78: =image(E78) -> #N/A | G78: FALSE | H78: FALSE | I78: FALSE | J78: FALSE | K78: FALSE

Sheet Container 17

Sheet Sheet4
A1: SKU | B1: Image URL | C1: Stock(Whole) | D1: Supplier | E1: Sales* | F1: Month of Supply* | G1: Stock Transfer* | H1: In Order | I1: View
A2: IMCW | B2: https://dashboard.digitweblk.com/Productimages/3878.png | C2: 10270 | D2: Led Induction module supplier | E2: 17252 | F2: 2 | G2: 0 | H2: Container 04 2024 - order - 12000Container 13 2025 - order - 15000 | I2: CBM ViewIn Shipping
A3: RPR44WH | B3: http://dashboard.digitweblk.com/Productimages/RPR44WH.jpg | C3: 22301 | D3: Ceiling rose guy | E3: 13933 | F3: 3 | G3: 9160 | H3: Container 16 2025 - order - 40000Container 14 2025-bal - order - 40000Container 01 2026 - order - 20000 | I3: CBM ViewIn Shipping
A4: LDMST64E274 | B4: https://dashboard.digitweblk.com/Productimages/846.jpg | C4: 26726 | D4: Bulbs supplier | E4: 12114 | F4: 6 | G4: 389 | H4: Container 14 2025 - order - 5000Container 16 2025 - order - 10000Container 01 2026 - order - 5000Container 04 2026 - order - 5000 | I4: CBM ViewIn Shipping
A5: SCRN70BM | B5: http://dashboard.digitweblk.com/Productimages/SCRN70BM.jpg | C5: 9180 | D5: Ceiling rose guy | E5: 3886 | F5: 4 | G5: 2527 | H5: Container 16 2025 - order - 5500Container 01 2026 - order - 5500 | I5: CBM ViewIn Shipping
A6: CRSF100BM | B6: http://dashboard.digitweblk.com/Productimages/1355.jpg | C6: 12890 | D6: Ceiling rose Lady Supplier | E6: 3770 | F6: 9 | G6: 671 | H6: Container 16 2025 - order - 3000Container 01 2026 - order - 3000 | I6: CBM ViewIn Shipping
A7: IMRG | B7: https://dashboard.digitweblk.com/Productimages/3876.jpg | C7: 17996 | D7: Led Induction module supplier | E7: 3024 | F7: 18 | G7: 0 | H7: Container 13 2025 - order - 15000 | I7: CBM ViewIn Shipping
A8: IMWW | B8: https://dashboard.digitweblk.com/Productimages/22847.jpg | C8: 7670 | D8: Led Induction module supplier | E8: 2680 | F8: 9 | G8: 0 | H8: Container 13 2025 - order - 15000 | I8: CBM ViewIn Shipping
A9: LDMST64E278 | B9: https://dashboard.digitweblk.com/Productimages/3996.jpg | C9: 4553 | D9: Bulbs supplier | E9: 2394 | F9: 5 | G9: 286 | H9: Container 14 2025 - order - 1500Container 16 2025 - order - 2000Container 04 2026 - order - 1000 | I9: CBM ViewIn Shipping
A10: LDMG95E278 | B10: http://dashboard.digitweblk.com/Productimages/LDMG95E278.jpg | C10: 3984 | D10: Bulbs supplier | E10: 2166 | F10: 5 | G10: 448 | H10: Container 14 2025 - order - 2500Container 16 2025 - order - 3500Container 04 2026 - order - 500 | I10: CBM ViewIn Shipping
A11: MBEX1730BM | B11: https://dashboard.digitweblk.com/Productimages/21986.jpg | C11: 0 | D11: GH - 07 Mail bag Supplier | E11: 2000 | F11: 0 | G11: 0 | I11: CBM ViewAdd To Supply
A12: IMBL | B12: https://dashboard.digitweblk.com/Productimages/3873.jpg | C12: 1506 | D12: Led Induction module supplier | E12: 1930 | F12: 2 | G12: 0 | I12: CBM ViewAdd To Supply
A13: CMWH | B13: https://dashboard.digitweblk.com/Productimages/4056.jpg | C13: 12160 | D13: Led Induction module supplier | E13: 1920 | F13: 19 | G13: 0 | I13: CBM ViewAdd To Supply
A14: PHFMSH2BRYB | B14: https://dashboard.digitweblk.com/Productimages/23087.jpg | C14: 1665 | D14: Assembling 2 Supplier | E14: 1678 | F14: 3 | G14: 18 | H14: Container 14 2025 - order - 2500Container 16 2025 - order - 2000Container 01 2026 - order - 2000 | I14: CBM ViewIn Shipping
A15: LDMG95E274 | B15: http://dashboard.digitweblk.com/Productimages/LDMG95E274.jpg | C15: 3864 | D15: Bulbs supplier | E15: 1618 | F15: 4 | G15: 1038 | H15: Container 14 2025 - order - 2000Container 16 2025 - order - 2000Container 01 2026 - order - 1000Container 04 2026 - order - 500 | I15: CBM ViewIn Shipping
A16: LDMC35E144 | B16: http://dashboard.digitweblk.com/Productimages/LDMC35E144.jpg | C16: 2508 | D16: Bulbs supplier | E16: 1523 | F16: 5 | G16: 0 | H16: Container 16 2025 - order - 1000Container 01 2026 - order - 1000Container 04 2026 - order - 1500 | I16: CBM ViewIn Shipping
A17: LDMA60E274WW | B17: http://dashboard.digitweblk.com/Productimages/LDMA60E274WW.jpg | C17: 289 | D17: Bulbs supplier | E17: 1383 | F17: 1 | G17: 16 | H17: Container 14 2025 - order - 1000Container 16 2025 - order - 1000Container 01 2026 - order - 1500Container 04 2026 - order - 2000 | I17: CBM ViewIn Shipping
A18: CO232AOR | B18: http://dashboard.digitweblk.com/Productimages/2slco.jpg | C18: 0 | D18: Connectors supplier | E18: 1285 | F18: 0 | G18: 0 | H18: Container 04 2026 - order - 5000 | I18: CBM ViewIn Shipping
A19: LDMT45E274 | B19: http://dashboard.digitweblk.com/Productimages/LDMT45E274.jpg | C19: 712 | D19: Bulbs supplier | E19: 1196 | F19: 2 | G19: 222 | H19: Container 16 2025 - order - 2000Container 01 2026 - order - 1500Container 04 2026 - order - 1500 | I19: CBM ViewIn Shipping
A20: STKP48EBR | B20: https://dashboard.digitweblk.com/Productimages/22264.jpg | C20: -2 | D20: GH - 31 Cartoon Tape Supplier | E20: 1163 | F20: 0 | G20: 45 | H20: GH Container 2026 - order - 8000 | I20: CBM ViewIn Shipping
A21: WCDCBM | B21: https://dashboard.digitweblk.com/Productimages/2013.jpg | C21: 4501 | D21: Different type wire cage supplier | E21: 1125 | F21: 14 | G21: 154 | H21: Container 16 2025 - shipping - 1400 | I21: CBM ViewIn Shipping
A22: IMRE | B22: https://dashboard.digitweblk.com/Productimages/3875.jpg | C22: 34 | D22: Led Induction module supplier | E22: 1110 | F22: 0 | G22: 0 | H22: Container 04 2024 - order - 7500Container 13 2025 - order - 10000 | I22: CBM ViewIn Shipping
A23: SCRN70YB | B23: http://dashboard.digitweblk.com/Productimages/SCRN70YB.jpg | C23: 1070 | D23: Ceiling rose guy | E23: 1108 | F23: 2 | G23: 183 | H23: Container 16 2025 - order - 2000Container 14 2025-bal - order - 1500Container 01 2026 - order - 2000 | I23: CBM ViewIn Shipping
A24: CO332AGY | B24: http://dashboard.digitweblk.com/Productimages/3SLGO.jpg | C24: 740 | D24: Connectors supplier | E24: 1103 | F24: 1 | G24: 500 | H24: Container 04 2026 - order - 5000 | I24: CBM ViewIn Shipping
A25: MBEX1730WH | B25: https://dashboard.digitweblk.com/Productimages/22010.jpg | C25: 4440 | D25: GH - 07 Mail bag Supplier | E25: 1020 | F25: 13 | G25: 0 | I25: CBM ViewAdd To Supply
A26: PHSHF1PBRYB | B26: https://dashboard.digitweblk.com/Productimages/22789.jpg | C26: 890 | D26: Assembling 2 Supplier | E26: 1019 | F26: 3 | G26: 40 | H26: Container 14 2025 - order - 500Container 01 2026 - order - 1000 | I26: CBM ViewIn Shipping
A27: LHNSE27YB | B27: http://dashboard.digitweblk.com/Productimages/STHRLNYBS.jpg | C27: 1381 | D27: Cable supplier | E27: 1017 | F27: 3 | G27: 427 | H27: Container 16 2025 - order - 2000 | I27: CBM ViewIn Shipping
A28: PHSH1PBRYB | B28: http://dashboard.digitweblk.com/Productimages/CS-STHRRYBS.jpg | C28: 4304 | D28: Assembling 2 Supplier | E28: 919 | F28: 14 | G28: 20 | I28: CBM ViewAdd To Supply
A29: RWWD | B29: http://dashboard.digitweblk.com/Productimages/RWWD.jpg | C29: 584 | D29: No CBM Data | E29: 896 | F29: 2 | G29: 0 | I29: CBM ViewAdd To Supply
A30: RWWP | B30: https://dashboard.digitweblk.com/Productimages/15903.jpg | C30: 445 | D30: No CBM Data | E30: 888 | F30: 2 | G30: 0 | I30: CBM ViewAdd To Supply
A31: LDMG80E274 | B31: http://dashboard.digitweblk.com/Productimages/LDMG80E274.jpg | C31: 865 | D31: Bulbs supplier | E31: 866 | F31: 3 | G31: 127 | H31: Container 16 2025 - order - 1000Container 01 2026 - order - 1000Container 04 2026 - order - 1000 | I31: CBM ViewIn Shipping
A32: CODL232AGY | B32: http://dashboard.digitweblk.com/Productimages/2GOSLDSCCR.jpg | C32: 2884 | D32: Connectors supplier | E32: 857 | F32: 10 | G32: 0 | H32: Container 04 2026 - order - 2000 | I32: CBM ViewIn Shipping
A33: PHFMHT2BRBM | B33: https://dashboard.digitweblk.com/Productimages/23090.jpg | C33: 696 | D33: Assembling 2 Supplier | E33: 850 | F33: 2 | G33: 0 | H33: Container 16 2025 - order - 800Container 01 2026 - order - 2000 | I33: CBM ViewIn Shipping
A34: CO232AGY | B34: http://dashboard.digitweblk.com/Productimages/2SLGO.jpg | C34: 438 | D34: Connectors supplier | E34: 838 | F34: 2 | G34: 0 | H34: Container 04 2026 - order - 3000 | I34: CBM ViewIn Shipping
A35: CBFA200BM | B35: https://dashboard.digitweblk.com/Productimages/22023.jpg | C35: 23080 | D35: Ceiling rose guy | E35: 820 | F35: 52 | G35: 500 | I35: CBM ViewAdd To Supply
A36: IMGR | B36: https://dashboard.digitweblk.com/Productimages/3874.jpg | C36: 10873 | D36: Led Induction module supplier | E36: 810 | F36: 40 | G36: 0 | I36: CBM ViewAdd To Supply
A37: LHNSE27BM | B37: http://dashboard.digitweblk.com/Productimages/STHRLNMBK.jpg | C37: 1320 | D37: Cable supplier | E37: 784 | F37: 4 | G37: 327 | H37: Container 16 2025 - order - 2000 | I37: CBM ViewIn Shipping
A38: LDMA60E278WW | B38: https://dashboard.digitweblk.com/Productimages/4228.jpg | C38: 676 | D38: Bulbs supplier | E38: 779 | F38: 3 | G38: 8 | H38: Container 01 2026 - order - 1500Container 04 2026 - order - 1500 | I38: CBM ViewIn Shipping
A39: LDMG125E278 | B39: http://dashboard.digitweblk.com/Productimages/LDMG125E278.jpg | C39: 2804 | D39: Bulbs supplier | E39: 767 | F39: 7 | G39: 359 | H39: Container 14 2025 - order - 500Container 16 2025 - order - 500Container 01 2026 - order - 500Container 04 2026 - order - 500 | I39: CBM ViewIn Shipping
A40: LDCWA60HB229 | B40: https://dashboard.digitweblk.com/Productimages/23463.jpg | C40: 3669 | D40: New A60 Bulbs supplier | E40: 755 | F40: 15 | G40: 0 | H40: Container 14 2025 - order - 2000 | I40: CBM ViewIn Shipping
A41: LSFT220BM | B41: http://dashboard.digitweblk.com/Productimages/LSFT220BM.jpg | C41: 2847 | D41: Brushed curvey full set supplier | E41: 740 | F41: 10 | G41: 105 | H41: Container 14 2025 - order - 800 | I41: CBM ViewIn Shipping
A42: LSDO210BG | B42: http://dashboard.digitweblk.com/Productimages/LSDO210BG.jpg | C42: 780 | D42: Brushed curvey full set supplier | E42: 732 | F42: 3 | G42: 109 | H42: Container 14 2025 - order - 600Container 01 2026 - order - 1150 | I42: CBM ViewIn Shipping
A43: LSCY210BG | B43: http://dashboard.digitweblk.com/Productimages/LSCY210BG.jpg | C43: 1049 | D43: Brushed curvey full set supplier | E43: 723 | F43: 3 | G43: 296 | H43: Container 14 2025 - order - 1500Container 01 2026 - order - 1000 | I43: CBM ViewIn Shipping
A44: TSST349134GY | B44: https://dashboard.digitweblk.com/Productimages/23515.jpg | C44: 130 | D44: No CBM Data | E44: 695 | F44: 1 | G44: 0 | I44: CBM ViewAdd To Supply
A45: CRFF500BM | B45: https://dashboard.digitweblk.com/Productimages/1963.jpg | C45: 2357 | D45: Ceiling rose guy | E45: 688 | F45: 9 | G45: 62 | H45: Container 16 2025 - order - 300Container 14 2025-bal - order - 300 | I45: CBM ViewIn Shipping
A46: LDSG95DIE274 | B46: http://dashboard.digitweblk.com/Productimages/10626.jpg | C46: 1747 | D46: Bulbs supplier | E46: 681 | F46: 4 | G46: 506 | H46: Container 14 2025 - order - 1000Container 16 2025 - order - 1000Container 01 2026 - order - 1000 | I46: CBM ViewIn Shipping
A47: SPUPBM | B47: https://dashboard.digitweblk.com/Productimages/3735.jpg | C47: 7531 | D47: Assembling 2 Supplier | E47: 668 | F47: 31 | G47: 54 | H47: Container 08 2024 - order - 4000 | I47: CBM ViewIn Shipping
A48: CGMLBM | B48: https://dashboard.digitweblk.com/Productimages/3054.jpg | C48: 14103 | D48: Assembling Lady | E48: 664 | F48: 64 | G48: 0 | I48: CBM ViewAdd To Supply
A49: CRSF100CO | B49: http://dashboard.digitweblk.com/Productimages/1350.jpg | C49: 3082 | D49: Ceiling rose Lady Supplier | E49: 637 | F49: 14 | G49: 36 | H49: Container 16 2025 - order - 300 | I49: CBM ViewIn Shipping
A50: CRSF100YB | B50: http://dashboard.digitweblk.com/Productimages/2201.jpg | C50: 1390 | D50: Ceiling rose guy | E50: 630 | F50: 6 | G50: 38 | H50: Container 16 2025 - order - 800Container 01 2026 - order - 300 | I50: CBM ViewIn Shipping
A51: CBFF140BM | B51: https://dashboard.digitweblk.com/Productimages/21498.jpg | C51: 13476 | D51: Ceiling rose guy | E51: 621 | F51: 65 | G51: 2 | I51: CBM ViewAdd To Supply
A52: LDMST64B224 | B52: https://dashboard.digitweblk.com/Productimages/847.jpg | C52: 1643 | D52: Bulbs supplier | E52: 620 | F52: 8 | G52: 0 | H52: Container 14 2025 - order - 500Container 16 2025 - order - 1000 | I52: CBM ViewIn Shipping
A53: PHHT1FBRBM | B53: https://dashboard.digitweblk.com/Productimages/23092.jpg | C53: 770 | D53: Assembling 2 Supplier | E53: 594 | F53: 4 | G53: 1 | H53: Container 14 2025 - order - 1000Container 16 2025 - order - 600Container 01 2026 - order - 300 | I53: CBM ViewIn Shipping
A54: LDMST64B228 | B54: https://dashboard.digitweblk.com/Productimages/848.jpg | C54: 791 | D54: Bulbs supplier | E54: 574 | F54: 4 | G54: 64 | H54: Container 16 2025 - order - 1000Container 04 2026 - order - 500 | I54: CBM ViewIn Shipping
A55: SPWRBM | B55: http://dashboard.digitweblk.com/Productimages/SPWRBM.jpg | C55: 324 | D55: Assembling 2 Supplier | E55: 573 | F55: 2 | G55: 23 | H55: Container 08 2024 - order - 1000Container 14 2025 - order - 1000Container 03 2025-US - order - 100Container 01 2026 - order - 1000 | I55: CBM ViewIn Shipping
A56: RW1FGRWETM4GD | B56: https://dashboard.digitweblk.com/Productimages/15377.jpg | C56: 238 | D56: No CBM Data | E56: 570 | F56: 1 | G56: 0 | I56: CBM ViewAdd To Supply
A57: LSDO210BC | B57: http://dashboard.digitweblk.com/Productimages/LSDO210BC.jpg | C57: 120 | D57: Brushed curvey full set supplier | E57: 561 | F57: 1 | G57: 26 | H57: Container 14 2025 - order - 300Container 01 2026 - order - 800 | I57: CBM ViewIn Shipping
A58: PHCH1FBRBM | B58: https://dashboard.digitweblk.com/Productimages/21749.jpg | C58: 1016 | D58: Assembling 2 Supplier | E58: 554 | F58: 5 | G58: 50 | H58: Container 16 2025 - order - 1500Container 01 2026 - order - 500 | I58: CBM ViewIn Shipping
A59: LSCY290BM | B59: http://dashboard.digitweblk.com/Productimages/LSCY290BM.jpg | C59: 2047 | D59: Brushed curvey full set supplier | E59: 549 | F59: 6 | G59: 497 | H59: Container 14 2025 - order - 1000Container 01 2026 - order - 800 | I59: CBM ViewIn Shipping
A60: CRFF100BM | B60: http://dashboard.digitweblk.com/Productimages/FFCRBK.jpg | C60: 1785 | D60: Ceiling rose Lady Supplier | E60: 546 | F60: 7 | G60: 190 | H60: Container 13 2025- md - order - 800Container 16 2025 - order - 800Container 01 2026 - order - 800 | I60: CBM ViewIn Shipping
A61: LDCWGU107 | B61: https://dashboard.digitweblk.com/Productimages/23460.jpg | C61: 3712 | D61: New A60 Bulbs supplier | E61: 540 | F61: 21 | G61: 0 | H61: Container 14 2025 - order - 2400 | I61: CBM ViewIn Shipping
A62: SPSDP2BM | B62: https://dashboard.digitweblk.com/Productimages/21105.jpg | C62: 6005 | D62: Assembling Lady | E62: 518 | F62: 15 | G62: 721 | H62: Container 16 2025 - order - 1055 | I62: CBM ViewIn Shipping
A63: LDCWA65HB2215 | B63: https://dashboard.digitweblk.com/Productimages/23466.jpg | C63: 4382 | D63: New A60 Bulbs supplier | E63: 510 | F63: 26 | G63: 0 | H63: Container 14 2025 - order - 800 | I63: CBM ViewIn Shipping
A64: MBZL1712CL | B64: https://dashboard.digitweblk.com/Productimages/22035.jpg | C64: 22700 | D64: GH - 08 Clear bags Supplier | E64: 500 | F64: 136 | G64: 0 | I64: CBM ViewAdd To Supply
A65: LDMST64E276 | B65: https://dashboard.digitweblk.com/Productimages/3411.jpg | C65: 2 | D65: Bulbs supplier | E65: 498 | F65: 0 | G65: 389 | H65: Container 16 2025 - order - 2000Container 01 2026 - order - 1000Container 04 2026 - order - 500 | I65: CBM ViewIn Shipping
A66: CL3TBR | B66: http://dashboard.digitweblk.com/Productimages/3CTBN.jpg | C66: 1238 | D66: Cable supplier | E66: 496 | F66: 7 | G66: 0 | H66: Container 16 2025 - order - 600 | I66: CBM ViewIn Shipping
A67: LSFT220BC | B67: http://dashboard.digitweblk.com/Productimages/LSFT220BC.jpg | C67: 839 | D67: Brushed curvey full set supplier | E67: 488 | F67: 4 | G67: 78 | H67: Container 14 2025 - order - 500Container 01 2026 - order - 600 | I67: CBM ViewIn Shipping
A68: CRSF2003BM | B68: http://dashboard.digitweblk.com/Productimages/SFCR3PBK.jpg | C68: 2746 | D68: Ceiling rose guy | E68: 486 | F68: 15 | G68: 68 | H68: Container 16 2025 - order - 800 | I68: CBM ViewIn Shipping
A69: CO332AOR | B69: http://dashboard.digitweblk.com/Productimages/3slco.jpg | C69: 3248 | D69: Connectors supplier | E69: 482 | F69: 20 | G69: 0 | I69: CBM ViewAdd To Supply
A70: RPM40WH | B70: http://dashboard.digitweblk.com/Productimages/RRPTWE.jpg | C70: 5746 | D70: Assembling Lady | E70: 474 | F70: 31 | G70: 89 | I70: CBM ViewAdd To Supply
A71: CRSF100WH | B71: http://dashboard.digitweblk.com/Productimages/3805.jpg | C71: 1150 | D71: Ceiling rose Lady Supplier | E71: 470 | F71: 7 | G71: 31 | H71: Container 16 2025 - order - 100 | I71: CBM ViewIn Shipping
A72: LHNSE27CO | B72: http://dashboard.digitweblk.com/Productimages/STHRLNCR.jpg | C72: 1163 | D72: Cable supplier | E72: 466 | F72: 6 | G72: 94 | H72: Container 16 2025 - order - 1000 | I72: CBM ViewIn Shipping
A73: SCRN70CO | B73: http://dashboard.digitweblk.com/Productimages/SCRN70CO.jpg | C73: 1268 | D73: Ceiling rose guy | E73: 450 | F73: 7 | G73: 80 | H73: Container 01 2026 - order - 1000 | I73: CBM ViewIn Shipping
A74: RWWPSYBF25GY | B74: https://dashboard.digitweblk.com/Productimages/22487.jpg | C74: 468 | D74: GH - 32 Tile Spare parts supplier | E74: 447 | F74: 3 | G74: 0 | I74: CBM ViewAdd To Supply
A75: LDCWA60HB227 | B75: https://dashboard.digitweblk.com/Productimages/23462.jpg | C75: 4320 | D75: New A60 Bulbs supplier | E75: 435 | F75: 30 | G75: 0 | H75: Container 14 2025 - order - 1000 | I75: CBM ViewIn Shipping
A76: CODL332AGY | B76: http://dashboard.digitweblk.com/Productimages/CODL332AGY.jpg | C76: 0 | D76: Connectors supplier | E76: 429 | F76: 0 | G76: 0 | H76: Container 04 2026 - order - 2000 | I76: CBM ViewIn Shipping
A77: PCGZ20NL | B77: http://dashboard.digitweblk.com/Productimages/PCGZ20NL.jpg | C77: 1857 | D77: Conduit Pipe Supplier | E77: 425 | F77: 13 | G77: 0 | H77: Container 08 2023 - order - 50Container 10 2025 - order - 500 | I77: CBM ViewIn Shipping
A78: CRSF1202BM | B78: https://dashboard.digitweblk.com/Productimages/1292.png | C78: 1631 | D78: Ceiling rose Lady Supplier | E78: 423 | F78: 11 | G78: 22 | I78: CBM ViewAdd To Supply
A79: LHRIE27BM | B79: https://dashboard.digitweblk.com/Productimages/376.jpg | C79: 1657 | D79: Bakelite holders | E79: 411 | F79: 12 | G79: 0 | H79: container 12 2025 - order - 1000 | I79: CBM ViewIn Shipping
A80: HLSC128BM | B80: http://dashboard.digitweblk.com/Productimages/HLNT2-128.jpg | C80: 40 | D80: Handles supplier | E80: 408 | F80: 0 | G80: 0 | H80: Container 01 2026 - order - 1000 | I80: CBM ViewIn Shipping
A81: LSCY290BI | B81: http://dashboard.digitweblk.com/Productimages/LSCY290BI.jpg | C81: 1026 | D81: Multi colour curvy shade supplier | E81: 408 | F81: 7 | G81: 224 | H81: Container 16 2025 - shipping - 400Container 04 2026 - order - 800 | I81: CBM ViewIn Shipping
A82: CRSF100GB | B82: http://dashboard.digitweblk.com/Productimages/1346.jpg | C82: 1349 | D82: Ceiling rose Lady Supplier | E82: 401 | F82: 8 | G82: 96 | H82: Container 16 2025 - order - 800 | I82: CBM ViewIn Shipping
A83: PHFSH1PBRBM | B83: https://dashboard.digitweblk.com/Productimages/23408.jpeg | C83: 997 | D83: Assembling 2 Supplier | E83: 394 | F83: 8 | G83: 4 | H83: Container 14 2025 - order - 600Container 01 2026 - order - 300 | I83: CBM ViewIn Shipping
A84: LDCWA60HE2712 | B84: https://dashboard.digitweblk.com/Productimages/23465.jpg | C84: 4482 | D84: New A60 Bulbs supplier | E84: 390 | F84: 34 | G84: 0 | I84: CBM ViewAdd To Supply
A85: LDCWT75B2212 | B85: https://dashboard.digitweblk.com/Productimages/23566.jpg | C85: 1900 | D85: New A60 Bulbs supplier | E85: 390 | F85: 15 | G85: 0 | H85: Container 14 2025 - order - 800 | I85: CBM ViewIn Shipping
A86: LSMS320BI | B86: http://dashboard.digitweblk.com/Productimages/LSMS320BI.jpg | C86: 1835 | D86: Multi colour curvy shade supplier | E86: 389 | F86: 10 | G86: 212 | H86: Container 16 2025 - shipping - 200Container 04 2026 - order - 300 | I86: CBM ViewIn Shipping
A87: LDMT185E274 | B87: https://dashboard.digitweblk.com/Productimages/856.jpg | C87: 903 | D87: Bulbs supplier | E87: 383 | F87: 5 | G87: 115 | H87: Container 14 2025 - order - 500Container 01 2026 - order - 500 | I87: CBM ViewIn Shipping
A88: MBEX4560BM | B88: https://dashboard.digitweblk.com/Productimages/21996.jpg | C88: 19240 | D88: GH - 07 Mail bag Supplier | E88: 380 | F88: 100 | G88: 200 | I88: CBM ViewAdd To Supply
A89: LDMC35E142 | B89: http://dashboard.digitweblk.com/Productimages/LDMC35E142.jpg | C89: 1682 | D89: Bulbs supplier | E89: 375 | F89: 13 | G89: 0 | H89: Container 14 2025 - order - 500 | I89: CBM ViewIn Shipping
A90: LSFT220BG | B90: http://dashboard.digitweblk.com/Productimages/LSFT220BG.jpg | C90: 907 | D90: Brushed curvey full set supplier | E90: 367 | F90: 2 | G90: 974 | H90: Container 14 2025 - order - 1000Container 01 2026 - order - 1000 | I90: CBM ViewIn Shipping
A91: CL2TBM | B91: https://dashboard.digitweblk.com/Productimages/1533.jpg | C91: 993 | D91: Cable supplier | E91: 364 | F91: 6 | G91: 100 | H91: Container 16 2025 - order - 1200 | I91: CBM ViewIn Shipping
A92: CL3RBM | B92: http://dashboard.digitweblk.com/Productimages/3CRBK.jpg | C92: 1266 | D92: Cable supplier | E92: 362 | F92: 6 | G92: 300 | H92: Container 16 2025 - order - 900 | I92: CBM ViewIn Shipping
A93: CL3TBM | B93: https://dashboard.digitweblk.com/Productimages/1564.jpg | C93: 2096 | D93: Cable supplier | E93: 360 | F93: 14 | G93: 100 | H93: Container 16 2025 - order - 1200 | I93: CBM ViewIn Shipping
A94: LSOL220YB | B94: http://dashboard.digitweblk.com/Productimages/LSOL220YB.jpg | C94: 483 | D94: Electro plating supplier | E94: 358 | F94: 4 | G94: 55 | I94: CBM ViewAdd To Supply
A95: CO532AOR | B95: http://dashboard.digitweblk.com/Productimages/5slco.jpg | C95: 3847 | D95: Connectors supplier | E95: 350 | F95: 33 | G95: 0 | I95: CBM ViewAdd To Supply
A96: LDMG95B224 | B96: https://dashboard.digitweblk.com/Productimages/851.jpg | C96: 1284 | D96: Bulbs supplier | E96: 348 | F96: 8 | G96: 119 | H96: Container 16 2025 - order - 800Container 01 2026 - order - 500 | I96: CBM ViewIn Shipping
A97: CL3TGD | B97: http://dashboard.digitweblk.com/Productimages/4082.jpg | C97: 1434 | D97: Cable supplier | E97: 345 | F97: 10 | G97: 100 | H97: Container 16 2025 - order - 1500 | I97: CBM ViewIn Shipping
A98: CRSF100HBM | B98: http://dashboard.digitweblk.com/Productimages/CRSF100HBM.jpg | C98: 1717 | D98: Ceiling rose Lady Supplier | E98: 342 | F98: 13 | G98: 68 | I98: CBM ViewAdd To Supply
A99: TPOSBDBM | B99: https://dashboard.digitweblk.com/Productimages/21699.jpg | C99: 1378 | D99: Am Packing Supplier | E99: 342 | F99: 8 | G99: 166 | H99: Container 16 2025 - order - 1200 | I99: CBM ViewIn Shipping
A100: CRSF100SN | B100: https://dashboard.digitweblk.com/Productimages/2148.jpg | C100: 1097 | D100: Ceiling rose Lady Supplier | E100: 341 | F100: 9 | G100: 11 | H100: Container 13 2025- md - order - 500Container 16 2025 - order - 800 | I100: CBM ViewIn Shipping
...
